Formatted Date,Summary,Precip Type,Temperature (C),Apparent Temperature (C),Humidity,Wind Speed (km/h),Wind Bearing (degrees),Visibility (km),Cloud Cover,Pressure (millibars)
2015-03-01 00:00:00.000 +0100,Partly Cloudy,rain,15.49444,15.49444,0.78,6.4239,182,16.1,0,1013.5
2015-03-01 01:00:00.000 +0100,Partly Cloudy,rain,15.37778,15.37778,0.81,3.4293,201,16.1,0,1013.7
2015-03-01 02:00:00.000 +0100,Partly Cloudy,rain,15.78333,15.78333,0.8,5.5867,174,15.1823,0,1013.73
2015-03-01 03:00:00.000 +0100,Partly Cloudy,rain,14.70556,14.70556,0.84,6.5044,219,16.1,0,1013.9
2015-03-01 04:00:00.000 +0100,Partly Cloudy,rain,14.68333,14.68333,0.83,3.22,190,16.1,0,1013.72
2015-03-01 05:00:00.000 +0100,Mostly Cloudy,rain,15.6,15.6,0.82,2.9302,209,15.1823,0,1013.56
2015-03-01 06:00:00.000 +0100,Mostly Cloudy,rain,16.86667,16.86667,0.73,8.1949,230,16.1,0,1013.91
2015-03-01 07:00:00.000 +0100,Mostly Cloudy,rain,16.97778,16.97778,0.81,9.4024,173,10.2557,0,1014.12
2015-03-01 08:00:00.000 +0100,Mostly Cloudy,rain,17.60556,17.60556,0.83,9.9981,278,10.2235,0,1014.4
2015-03-01 09:00:00.000 +0100,Mostly Cloudy,rain,17.43333,17.43333,0.85,3.2039,317,10.2557,0,1014.89
2015-03-01 10:00:00.000 +0100,Mostly Cloudy,rain,17.52778,17.52778,0.79,19.8835,250,8.1305,0,1014.62
2015-03-01 11:00:00.000 +0100,Mostly Cloudy,rain,19.22778,19.22778,0.74,1.3846,159,10.3523,0,1015.66
2015-03-01 12:00:00.000 +0100,Partly Cloudy,rain,22.23889,22.23889,0.63,3.8801,33,9.982,0,1014.87
2015-03-01 13:00:00.000 +0100,Partly Cloudy,rain,22.88889,22.88889,0.52,3.8962,58,9.982,0,1014.65
2015-03-01 14:00:00.000 +0100,Partly Cloudy,rain,24.83889,24.83889,0.4,4.0733,120,10.3523,0,1014.19
2015-03-01 15:00:00.000 +0100,Partly Cloudy,rain,25.03889,25.03889,0.44,4.8783,124,9.982,0,1013.56
2015-03-01 16:00:00.000 +0100,Mostly Cloudy,rain,23.97222,23.97222,0.53,16.6313,132,10.2557,0,1012.6
2015-03-01 17:00:00.000 +0100,Mostly Cloudy,rain,22.96111,22.96111,0.55,11.8818,120,10.5777,0,1012.59
2015-03-01 18:00:00.000 +0100,Mostly Cloudy,rain,22.33333,22.33333,0.58,9.4185,123,9.982,0,1012.45
2015-03-01 19:00:00.000 +0100,Mostly Cloudy,rain,21.22778,21.22778,0.62,7.9212,122,9.982,0,1011.87
2015-03-01 20:00:00.000 +0100,Mostly Cloudy,rain,20.18333,20.18333,0.71,4.9749,132,10.3523,0,1011.93
2015-03-01 21:00:00.000 +0100,Mostly Cloudy,rain,18.91111,18.91111,0.77,0.4186,163,9.982,0,1012.09
2015-03-01 22:00:00.000 +0100,Overcast,rain,18.26667,18.26667,0.89,5.474,150,15.8263,0,1011.94
2015-03-01 23:00:00.000 +0100,Overcast,rain,18.17222,18.17222,0.84,16.7923,193,15.6975,0,1012.28
2015-03-10 00:00:00.000 +0100,Partly Cloudy,rain,15.53889,15.53889,0.89,11.27,50,16.1,0,1011.63
2015-03-10 01:00:00.000 +0100,Partly Cloudy,rain,14.46111,14.46111,0.91,1.0304,70,15.1823,0,1011.48
2015-03-10 02:00:00.000 +0100,Partly Cloudy,rain,13.58889,13.58889,0.91,5.3613,345,14.3934,0,1011.33
2015-03-10 03:00:00.000 +0100,Partly Cloudy,rain,12.57778,12.57778,0.92,3.5581,36,14.3934,0,1010.95
2015-03-10 04:00:00.000 +0100,Partly Cloudy,rain,12.25,12.25,0.93,8.05,330,15.1823,0,1010.73
2015-03-10 05:00:00.000 +0100,Partly Cloudy,rain,13.03889,13.03889,0.93,2.1574,125,14.3934,0,1010.77
2015-03-10 06:00:00.000 +0100,Overcast,rain,13.93889,13.93889,0.99,5.7477,0,10.2557,0,1010.85
2015-03-10 07:00:00.000 +0100,Overcast,rain,17.15556,17.15556,0.81,8.05,0,10.2557,0,1010.95
2015-03-10 08:00:00.000 +0100,Overcast,rain,19.56667,19.56667,0.66,3.1878,58,15.5526,0,1010.9
2015-03-10 09:00:00.000 +0100,Overcast,rain,21.99444,21.99444,0.56,12.5258,358,16.1,0,1011.06
2015-03-10 10:00:00.000 +0100,Overcast,rain,22.06111,22.06111,0.68,9.9176,0,16.1,0,1011.05
2015-03-10 11:00:00.000 +0100,Overcast,rain,22.67778,22.67778,0.61,9.6439,8,15.3111,0,1011.29
2015-03-10 12:00:00.000 +0100,Overcast,rain,22.75,22.75,0.65,7.9856,47,9.982,0,1011.23
2015-03-10 13:00:00.000 +0100,Overcast,rain,23.86111,23.86111,0.61,7.8568,0,9.982,0,1010.95
2015-03-10 14:00:00.000 +0100,Overcast,rain,24.77778,24.77778,0.47,2.4955,62,10.3523,0,1010.76
2015-03-10 15:00:00.000 +0100,Mostly Cloudy,rain,21.24444,21.24444,0.67,22.7815,292,9.982,0,1010.07
2015-03-10 16:00:00.000 +0100,Mostly Cloudy,rain,23.67778,23.67778,0.51,4.9588,7,9.982,0,1010.34
2015-03-10 17:00:00.000 +0100,Mostly Cloudy,rain,22.32222,22.32222,0.62,12.9444,303,10.5777,0,1009.86
2015-03-10 18:00:00.000 +0100,Mostly Cloudy,rain,20.09444,20.09444,0.82,10.5133,347,10.2557,0,1010.41
2015-03-10 19:00:00.000 +0100,Mostly Cloudy,rain,19.05,19.05,0.87,7.5187,336,16.1,0,1010.03
2015-03-10 20:00:00.000 +0100,Mostly Cloudy,rain,19.27222,19.27222,0.84,3.3488,286,10.5777,0,1010.29
2015-03-10 21:00:00.000 +0100,Mostly Cloudy,rain,18.82222,18.82222,0.89,3.22,206,9.982,0,1010.41
2015-03-10 22:00:00.000 +0100,Mostly Cloudy,rain,18.20556,18.20556,0.92,3.3166,225,16.1,0,1011.12
2015-03-10 23:00:00.000 +0100,Mostly Cloudy,rain,18.16111,18.16111,0.91,2.9463,267,15.1823,0,1011.21
2015-03-11 00:00:00.000 +0100,Mostly Cloudy,rain,17.57778,17.57778,0.92,8.05,240,16.1,0,1011.33
2015-03-11 01:00:00.000 +0100,Mostly Cloudy,rain,15.98333,15.98333,0.99,2.0286,245,16.1,0,1011.51
2015-03-11 02:00:00.000 +0100,Partly Cloudy,rain,15.6,15.6,0.98,5.9087,253,14.3934,0,1011.29
2015-03-11 03:00:00.000 +0100,Partly Cloudy,rain,14.87222,14.87222,0.93,6.4239,194,16.1,0,1011.01
2015-03-11 04:00:00.000 +0100,Partly Cloudy,rain,14.07222,14.07222,0.95,3.1717,275,14.3934,0,1011
2015-03-11 05:00:00.000 +0100,Partly Cloudy,rain,13.42778,13.42778,0.96,3.1556,232,14.3934,0,1010.99
2015-03-11 06:00:00.000 +0100,Partly Cloudy,rain,14.87222,14.87222,0.93,0,0,15.1823,0,1011.39
2015-03-11 07:00:00.000 +0100,Partly Cloudy,rain,17.6,17.6,0.84,3.0429,208,16.1,0,1011.4
2015-03-11 08:00:00.000 +0100,Mostly Cloudy,rain,19.91111,19.91111,0.79,7.4865,243,10.2235,0,1011.63
2015-03-11 09:00:00.000 +0100,Mostly Cloudy,rain,22.17222,22.17222,0.68,7.9212,258,10.2557,0,1011.8
2015-03-11 10:00:00.000 +0100,Mostly Cloudy,rain,22.8,22.8,0.62,9.7405,220,9.982,0,1011.76
2015-03-11 11:00:00.000 +0100,Mostly Cloudy,rain,23.78333,23.78333,0.61,8.0339,224,10.3523,0,1011.54
2015-03-11 12:00:00.000 +0100,Mostly Cloudy,rain,24.97222,24.97222,0.58,11.1734,221,9.982,0,1011.19
2015-03-11 13:00:00.000 +0100,Mostly Cloudy,rain,25.06667,25.06667,0.54,12.5419,230,9.982,0,1010.98
2015-03-11 14:00:00.000 +0100,Mostly Cloudy,rain,26.1,26.1,0.49,12.4453,249,10.5777,0,1010.45
2015-03-11 15:00:00.000 +0100,Mostly Cloudy,rain,26.10556,26.10556,0.54,11.1895,229,15.8263,0,1009.88
2015-03-11 16:00:00.000 +0100,Mostly Cloudy,rain,26.15556,26.15556,0.49,14.2163,220,15.8263,0,1009.57
2015-03-11 17:00:00.000 +0100,Mostly Cloudy,rain,26.18333,26.18333,0.5,13.7977,225,15.3111,0,1009.16
2015-03-11 18:00:00.000 +0100,Mostly Cloudy,rain,25.38333,25.38333,0.52,11.3344,223,15.8263,0,1008.58
2015-03-11 19:00:00.000 +0100,Mostly Cloudy,rain,24.15556,24.15556,0.61,12.4292,230,15.456,0,1008.92
2015-03-11 20:00:00.000 +0100,Mostly Cloudy,rain,21.31111,21.31111,0.77,1.8193,187,10.3523,0,1009.08
2015-03-11 21:00:00.000 +0100,Overcast,rain,18.78889,18.78889,0.79,26.3235,31,9.982,0,1009.06
2015-03-11 22:00:00.000 +0100,Overcast,rain,17.70556,17.70556,0.82,27.7403,40,14.7315,0,1009.84
2015-03-11 23:00:00.000 +0100,Overcast,rain,16.38889,16.38889,0.97,4.3309,131,9.8371,0,1011.63
2015-03-12 00:00:00.000 +0100,Mostly Cloudy,rain,16.64444,16.64444,0.93,14.0714,71,15.7297,0,1010.53
2015-03-12 01:00:00.000 +0100,Mostly Cloudy,rain,16.13333,16.13333,0.93,13.8138,79,15.8263,0,1010.41
2015-03-12 02:00:00.000 +0100,Mostly Cloudy,rain,16.16111,16.16111,0.94,6.0214,112,15.1501,0,1010.45
2015-03-12 03:00:00.000 +0100,Mostly Cloudy,rain,16.08889,16.08889,0.93,3.1556,108,14.9086,0,1010.42
2015-03-12 04:00:00.000 +0100,Partly Cloudy,rain,15.04444,15.04444,0.96,3.059,147,9.982,0,1010.21
2015-03-12 05:00:00.000 +0100,Mostly Cloudy,rain,15.33889,15.33889,0.99,2.254,25,9.982,0,1010.15
2015-03-12 06:00:00.000 +0100,Mostly Cloudy,rain,16.11111,16.11111,1,3.0268,103,9.982,0,1009.91
2015-03-12 07:00:00.000 +0100,Mostly Cloudy,rain,17.17222,17.17222,0.93,3.2522,119,9.7566,0,1010.03
2015-03-12 08:00:00.000 +0100,Overcast,rain,17.76667,17.76667,0.97,3.4132,208,9.7888,0,1010.22
2015-03-12 09:00:00.000 +0100,Mostly Cloudy,rain,18.23889,18.23889,0.97,5.7316,262,14.6832,0,1010.24
2015-03-12 10:00:00.000 +0100,Mostly Cloudy,rain,20.85556,20.85556,0.82,10.0625,220,9.982,0,1009.75
2015-03-12 11:00:00.000 +0100,Mostly Cloudy,rain,20.87222,20.87222,0.82,11.6725,254,10.2718,0,1009.72
2015-03-12 12:00:00.000 +0100,Mostly Cloudy,rain,20.9,20.9,0.8,12.9444,240,7.9051,0,1009.45
2015-03-12 13:00:00.000 +0100,Mostly Cloudy,rain,22.36111,22.36111,0.74,9.7888,252,9.6761,0,1008.96
2015-03-12 14:00:00.000 +0100,Mostly Cloudy,rain,22.43333,22.43333,0.71,9.821,228,10.2718,0,1008.26
2015-03-12 15:00:00.000 +0100,Mostly Cloudy,rain,20.88333,20.88333,0.8,17.1465,341,9.982,0,1008.08
2015-03-12 16:00:00.000 +0100,Mostly Cloudy,rain,20.97222,20.97222,0.8,13.9104,11,9.982,0,1007.77
2015-03-12 17:00:00.000 +0100,Humid and Mostly Cloudy,rain,20.35556,20.35556,0.84,10.5294,43,9.5634,0,1007.72
2015-03-12 18:00:00.000 +0100,Mostly Cloudy,rain,18.93333,18.93333,0.92,4.6529,29,9.982,0,1007.61
2015-03-12 19:00:00.000 +0100,Mostly Cloudy,rain,19.95,19.95,0.87,7.7119,50,9.982,0,1007.03
2015-03-12 20:00:00.000 +0100,Mostly Cloudy,rain,19.00556,19.00556,0.91,2.8336,89,10.3523,0,1006.69
2015-03-12 21:00:00.000 +0100,Mostly Cloudy,rain,17.75556,17.75556,0.99,3.0268,177,10.2557,0,1006.53
2015-03-12 22:00:00.000 +0100,Mostly Cloudy,rain,17.61111,17.61111,0.97,2.7048,141,16.0517,0,1006.84
2015-03-12 23:00:00.000 +0100,Mostly Cloudy,rain,17.32222,17.32222,0.99,5.6994,308,15.3111,0,1006.67
2015-03-13 00:00:00.000 +0100,Mostly Cloudy,rain,17.15,17.15,1,3.22,330,9.982,0,1006.06
2015-03-13 01:00:00.000 +0100,Overcast,rain,17.10556,17.10556,0.97,6.1663,330,15.134,0,1005.84
2015-03-13 02:00:00.000 +0100,Overcast,rain,16.76111,16.76111,0.99,5.2325,323,14.973,0,1005.4
2015-03-13 03:00:00.000 +0100,Overcast,rain,16.62222,16.62222,1,3.3971,10,16.0517,0,1004.85
2015-03-13 04:00:00.000 +0100,Overcast,rain,16.6,16.6,1,6.2951,323,5.2164,0,1004.15
2015-03-13 05:00:00.000 +0100,Overcast,rain,16.15556,16.15556,0.99,5.6028,332,6.4883,0,1003.84
2015-03-13 06:00:00.000 +0100,Overcast,rain,17.10556,17.10556,0.93,4.8944,359,8.1305,0,1003.55
2015-03-13 07:00:00.000 +0100,Overcast,rain,17.12778,17.12778,1,5.1198,19,8.1305,0,1003.35
2015-03-13 08:00:00.000 +0100,Overcast,rain,17.14444,17.14444,0.99,7.0518,334,6.5205,0,1003.34
2015-03-13 09:00:00.000 +0100,Overcast,rain,17.75556,17.75556,0.97,4.5885,296,5.957,0,1003.15
2015-03-13 10:00:00.000 +0100,Overcast,rain,18.79444,18.79444,0.9,4.9427,345,9.7566,0,1002.76
2015-03-13 11:00:00.000 +0100,Overcast,rain,19.83889,19.83889,0.8,3.3488,318,9.7566,0,1002.16
2015-03-13 12:00:00.000 +0100,Mostly Cloudy,rain,19.90556,19.90556,0.84,9.7566,341,9.8049,0,1001.96
2015-03-13 13:00:00.000 +0100,Overcast,rain,17.82222,17.82222,0.96,12.4292,29,9.8049,0,1001.56
2015-03-13 14:00:00.000 +0100,Overcast,rain,19.62778,19.62778,0.88,11.0929,15,9.2897,0,1000.83
2015-03-13 15:00:00.000 +0100,Overcast,rain,18.95,18.95,0.9,7.7602,47,9.982,0,1000.83
2015-03-13 16:00:00.000 +0100,Overcast,rain,17.95556,17.95556,0.96,9.338,55,9.982,0,1000.53
2015-03-13 17:00:00.000 +0100,Overcast,rain,18.91667,18.91667,0.91,9.7888,47,9.982,0,999.9
2015-03-13 18:00:00.000 +0100,Mostly Cloudy,rain,18.82222,18.82222,0.85,7.8729,58,9.982,0,999.77
2015-03-13 19:00:00.000 +0100,Mostly Cloudy,rain,18.8,18.8,0.84,4.9588,47,9.982,0,999.93
2015-03-13 20:00:00.000 +0100,Mostly Cloudy,rain,17.85,17.85,0.91,4.7012,6,10.3523,0,1000.3
2015-03-13 21:00:00.000 +0100,Mostly Cloudy,rain,17.2,17.2,0.93,7.9212,358,9.982,0,1000.55
2015-03-13 22:00:00.000 +0100,Mostly Cloudy,rain,17.10556,17.10556,0.94,11.27,330,15.8263,0,1000.76
2015-03-13 23:00:00.000 +0100,Mostly Cloudy,rain,16.08333,16.08333,0.97,6.1019,303,15.1501,0,1000.78
2015-03-14 00:00:00.000 +0100,Mostly Cloudy,rain,15.97222,15.97222,0.97,11.1251,310,15.6492,0,1000.37
2015-03-14 01:00:00.000 +0100,Mostly Cloudy,rain,15.93333,15.93333,0.97,11.27,290,15.6492,0,1000.26
2015-03-14 02:00:00.000 +0100,Mostly Cloudy,rain,15.90556,15.90556,0.97,6.7137,294,14.7959,0,1000.08
2015-03-14 03:00:00.000 +0100,Mostly Cloudy,rain,15.32778,15.32778,0.96,6.5205,300,15.6492,0,999.96
2015-03-14 04:00:00.000 +0100,Mostly Cloudy,rain,14.8,14.8,1,6.2951,300,15.6492,0,999.75
2015-03-14 05:00:00.000 +0100,Mostly Cloudy,rain,14.34444,14.34444,0.99,6.5205,294,11.4954,0,1000.04
2015-03-14 06:00:00.000 +0100,Mostly Cloudy,rain,14.8,14.8,1,11.27,300,9.8049,0,999.95
2015-03-14 07:00:00.000 +0100,Mostly Cloudy,rain,17.04444,17.04444,0.93,11.3988,301,11.8979,0,999.95
2015-03-14 08:00:00.000 +0100,Mostly Cloudy,rain,18.65556,18.65556,0.85,12.1716,310,14.3934,0,1000.07
2015-03-14 09:00:00.000 +0100,Partly Cloudy,rain,21.06667,21.06667,0.73,20.1733,291,9.982,0,999.95
2015-03-14 10:00:00.000 +0100,Mostly Cloudy,rain,22.2,22.2,0.73,15.6492,290,9.982,0,1000.04
2015-03-14 11:00:00.000 +0100,Mostly Cloudy,rain,22.74444,22.74444,0.65,18.7726,293,10.3523,0,1000.24
2015-03-14 12:00:00.000 +0100,Mostly Cloudy,rain,23.83889,23.83889,0.62,17.4685,300,9.982,0,1000.13
2015-03-14 13:00:00.000 +0100,Mostly Cloudy,rain,24.92778,24.92778,0.54,20.4148,290,9.982,0,999.84
2015-03-14 14:00:00.000 +0100,Mostly Cloudy,rain,24.85556,24.85556,0.53,18.3057,274,10.3523,0,999.64
2015-03-14 15:00:00.000 +0100,Mostly Cloudy,rain,25.04444,25.04444,0.54,17.5973,290,10.2557,0,999.23
2015-03-14 16:00:00.000 +0100,Partly Cloudy,rain,25.04444,25.04444,0.53,17.4685,290,10.2557,0,999.12
2015-03-14 17:00:00.000 +0100,Partly Cloudy,rain,25.03333,25.03333,0.49,19.0302,294,15.5526,0,999.14
2015-03-14 18:00:00.000 +0100,Partly Cloudy,rain,24.97222,24.97222,0.5,17.3397,300,16.1,0,998.92
2015-03-14 19:00:00.000 +0100,Partly Cloudy,rain,23.83889,23.83889,0.54,15.5043,300,16.1,0,999.23
2015-03-14 20:00:00.000 +0100,Partly Cloudy,rain,21.41111,21.41111,0.65,7.7924,283,15.5526,0,1000.08
2015-03-14 21:00:00.000 +0100,Partly Cloudy,rain,17.98889,17.98889,0.83,11.3988,261,16.1,0,1000.59
2015-03-14 22:00:00.000 +0100,Partly Cloudy,rain,18.28889,18.28889,0.78,6.5527,243,16.1,0,1000.92
2015-03-14 23:00:00.000 +0100,Partly Cloudy,rain,17.35556,17.35556,0.85,10.0625,252,15.1823,0,1001.19
2015-03-15 00:00:00.000 +0100,Mostly Cloudy,rain,16.08889,16.08889,0.9,6.1502,270,16.1,0,1001.32
2015-03-15 01:00:00.000 +0100,Mostly Cloudy,rain,16.08889,16.08889,0.9,0,0,16.1,0,1001.32
2015-03-15 02:00:00.000 +0100,Mostly Cloudy,rain,15.74444,15.74444,0.9,3.6064,226,15.1823,0,1001.41
2015-03-15 03:00:00.000 +0100,Partly Cloudy,rain,14.42222,14.42222,0.96,3.22,230,16.1,0,1001.4
2015-03-15 04:00:00.000 +0100,Mostly Cloudy,rain,14.37778,14.37778,0.93,5.9248,199,10.2557,0,1001.69
2015-03-15 05:00:00.000 +0100,Mostly Cloudy,rain,14.59444,14.59444,0.94,5.2808,180,9.982,0,1001.78
2015-03-15 06:00:00.000 +0100,Mostly Cloudy,rain,17.06667,17.06667,0.99,4.7495,181,10.2557,0,1002.1
2015-03-15 07:00:00.000 +0100,Mostly Cloudy,rain,17.15556,17.15556,0.93,4.6851,192,9.982,0,1001.93
2015-03-15 08:00:00.000 +0100,Mostly Cloudy,rain,18.65556,18.65556,0.9,4.8783,205,10.3523,0,1002.49
2015-03-15 09:00:00.000 +0100,Mostly Cloudy,rain,19.79444,19.79444,0.85,10.948,240,9.982,0,1002.83
2015-03-15 10:00:00.000 +0100,Mostly Cloudy,rain,17.75556,17.75556,0.97,5.152,288,9.8532,0,1003.38
2015-03-15 11:00:00.000 +0100,Mostly Cloudy,rain,19.17222,19.17222,0.89,9.4024,300,10.2718,0,1003.9
2015-03-15 12:00:00.000 +0100,Mostly Cloudy,rain,20.96111,20.96111,0.74,8.05,210,9.982,0,1003.81
2015-03-15 13:00:00.000 +0100,Mostly Cloudy,rain,19.09444,19.09444,0.84,12.7834,181,9.982,0,1004.37
2015-03-15 14:00:00.000 +0100,Mostly Cloudy,rain,22.64444,22.64444,0.66,13.3147,222,10.3523,0,1003.73
2015-03-15 15:00:00.000 +0100,Mostly Cloudy,rain,22.71111,22.71111,0.62,23.0391,210,9.982,0,1003.48
2015-03-15 16:00:00.000 +0100,Mostly Cloudy,rain,22.66667,22.66667,0.63,20.7851,230,9.982,0,1003.38
2015-03-15 17:00:00.000 +0100,Mostly Cloudy,rain,22.74444,22.74444,0.65,7.1001,249,10.3523,0,1003.69
2015-03-15 18:00:00.000 +0100,Mostly Cloudy,rain,22.56111,22.56111,0.68,12.2521,230,9.982,0,1003.73
2015-03-15 19:00:00.000 +0100,Mostly Cloudy,rain,22.58889,22.58889,0.67,15.3433,231,9.982,0,1004.12
2015-03-15 20:00:00.000 +0100,Partly Cloudy,rain,20.28333,20.28333,0.76,10.3523,236,10.3523,0,1005.1
2015-03-15 21:00:00.000 +0100,Partly Cloudy,rain,18.77222,18.77222,0.84,8.0339,259,10.2557,0,1006.09
2015-03-15 22:00:00.000 +0100,Partly Cloudy,rain,17.66111,17.66111,0.9,6.5044,269,16.1,0,1007.2
2015-03-15 23:00:00.000 +0100,Partly Cloudy,rain,17.11111,17.11111,0.88,6.1985,233,15.1823,0,1008.04
2015-03-16 00:00:00.000 +0100,Partly Cloudy,rain,15.44444,15.44444,0.96,0.1449,210,16.0517,0,1008.22
2015-03-16 01:00:00.000 +0100,Partly Cloudy,rain,14.88333,14.88333,0.96,3.22,210,16.1,0,1009
2015-03-16 02:00:00.000 +0100,Partly Cloudy,rain,15.04444,15.04444,0.96,5.3452,192,11.8818,0,1009.3
2015-03-16 03:00:00.000 +0100,Partly Cloudy,rain,14.81667,14.81667,1,6.4722,162,6.1985,0,1009.6
2015-03-16 04:00:00.000 +0100,Partly Cloudy,rain,13.83889,13.83889,1,6.1663,180,6.2951,0,1010.08
2015-03-16 05:00:00.000 +0100,Partly Cloudy,rain,14.54444,14.54444,0.99,5.9892,171,4.3631,0,1010.25
2015-03-16 06:00:00.000 +0100,Partly Cloudy,rain,16.95,16.95,1,9.1287,178,5.0393,0,1010.48
2015-03-16 07:00:00.000 +0100,Partly Cloudy,rain,19.72778,19.72778,0.85,9.4346,151,15.1823,0,1010.48
2015-03-16 08:00:00.000 +0100,Partly Cloudy,rain,21.88889,21.88889,0.69,10.2235,180,15.5526,0,1010.62
2015-03-16 09:00:00.000 +0100,Partly Cloudy,rain,23.79444,23.79444,0.58,12.5419,160,16.1,0,1010.78
2015-03-16 10:00:00.000 +0100,Partly Cloudy,rain,25,25,0.48,15.778,160,16.1,0,1010.67
2015-03-16 11:00:00.000 +0100,Mostly Cloudy,rain,26.93333,27.02778,0.44,20.93,152,15.3111,0,1010.69
2015-03-16 12:00:00.000 +0100,Mostly Cloudy,rain,27.70556,27.83889,0.46,21.9926,142,15.8263,0,1010.46
2015-03-16 13:00:00.000 +0100,Mostly Cloudy,rain,27.72778,28.05556,0.49,23.6026,141,15.8263,0,1010.36
2015-03-16 14:00:00.000 +0100,Mostly Cloudy,rain,27.87778,27.83333,0.44,24.8423,144,15.5526,0,1010.19
2015-03-16 15:00:00.000 +0100,Mostly Cloudy,rain,27.33333,27.54444,0.47,24.9872,141,16.1,0,1009.26
2015-03-16 16:00:00.000 +0100,Mostly Cloudy,rain,27.83889,27.75,0.43,25.1643,150,16.1,0,1009.04
2015-03-16 17:00:00.000 +0100,Mostly Cloudy,rain,27.77222,27.62778,0.42,23.9568,150,15.5526,0,1008.8
2015-03-16 18:00:00.000 +0100,Mostly Cloudy,rain,27.68333,28.35,0.53,21.6867,140,16.1,0,1008.14
2015-03-16 19:00:00.000 +0100,Mostly Cloudy,rain,26.06111,26.06111,0.58,15.6331,149,16.1,0,1007.67
2015-03-16 20:00:00.000 +0100,Mostly Cloudy,rain,25.07222,25.07222,0.61,19.0463,129,15.5526,0,1007.43
2015-03-16 21:00:00.000 +0100,Overcast,rain,24.90556,24.90556,0.64,23.1679,130,16.1,0,1006.84
2015-03-16 22:00:00.000 +0100,Mostly Cloudy,rain,24.35556,24.35556,0.69,20.2055,130,16.1,0,1006.54
2015-03-16 23:00:00.000 +0100,Mostly Cloudy,rain,23.90556,23.90556,0.67,23.4094,150,15.5526,0,1005.97
2015-03-17 00:00:00.000 +0100,Mostly Cloudy,rain,24.23889,24.23889,0.63,27.4505,150,16.1,0,1005.13
2015-03-17 01:00:00.000 +0100,Overcast,rain,24.7,24.7,0.6,19.9157,160,16.1,0,1005.14
2015-03-17 02:00:00.000 +0100,Overcast,rain,26.7,26.92778,0.46,25.277,172,15.5526,0,1005.02
2015-03-17 03:00:00.000 +0100,Overcast,rain,25.77222,25.77222,0.49,27.4183,170,16.1,0,1004.96
2015-03-17 04:00:00.000 +0100,Partly Cloudy,rain,24.75556,24.75556,0.51,24.2788,160,16.1,0,1005.14
2015-03-17 05:00:00.000 +0100,Partly Cloudy,rain,24.09444,24.09444,0.53,19.4005,161,15.5526,0,1005.05
2015-03-17 06:00:00.000 +0100,Breezy and Mostly Cloudy,rain,24.66111,24.66111,0.55,31.7331,160,16.1,0,1004.98
2015-03-17 07:00:00.000 +0100,Overcast,rain,24.82222,24.82222,0.55,25.7117,160,16.1,0,1005.1
2015-03-17 08:00:00.000 +0100,Mostly Cloudy,rain,26.96111,27.42222,0.51,22.2019,171,15.5526,0,1005.64
2015-03-17 09:00:00.000 +0100,Overcast,rain,28.70556,29.43889,0.51,21.4774,181,16.1,0,1006.41
2015-03-17 10:00:00.000 +0100,Mostly Cloudy,rain,28.86667,30.05556,0.55,21.7189,192,16.1,0,1006.98
2015-03-17 11:00:00.000 +0100,Mostly Cloudy,rain,29.96667,31.00556,0.5,20.7368,216,15.5526,0,1007.32
2015-03-17 12:00:00.000 +0100,Partly Cloudy,rain,30.9,32.88333,0.52,20.7529,250,9.982,0,1007.82
2015-03-17 13:00:00.000 +0100,Partly Cloudy,rain,30.9,31.68333,0.46,21.8638,270,15.8263,0,1008.27
2015-03-17 14:00:00.000 +0100,Mostly Cloudy,rain,28.55,30.07222,0.58,13.9104,287,10.3523,0,1009.34
2015-03-17 15:00:00.000 +0100,Partly Cloudy,rain,31.06111,33.64444,0.54,14.4095,287,10.2557,0,1009.62
2015-03-17 16:00:00.000 +0100,Partly Cloudy,rain,28.93889,30.63333,0.58,14.2646,296,10.2557,0,1009.88
2015-03-17 17:00:00.000 +0100,Mostly Cloudy,rain,28.07222,29.28889,0.58,23.4738,289,10.3845,0,1010.35
2015-03-17 18:00:00.000 +0100,Partly Cloudy,rain,27.82222,28.54444,0.53,20.5597,269,9.982,0,1011.04
2015-03-17 19:00:00.000 +0100,Partly Cloudy,rain,27.68333,28.75,0.57,12.8639,298,9.982,0,1011.28
2015-03-17 20:00:00.000 +0100,Mostly Cloudy,rain,25.07222,25.07222,0.47,19.6098,291,9.982,0,1012.25
2015-03-17 21:00:00.000 +0100,Mostly Cloudy,rain,22.15,22.15,0.55,9.5634,262,16.1,0,1013.02
2015-03-17 22:00:00.000 +0100,Mostly Cloudy,rain,23.05,23.05,0.53,6.1019,262,16.1,0,1014.1
2015-03-17 23:00:00.000 +0100,Mostly Cloudy,rain,20.75,20.75,0.71,6.1663,302,15.1823,0,1014.52
2015-03-18 00:00:00.000 +0100,Overcast,rain,19.83333,19.83333,0.71,6.44,240,16.1,0,1015.5
2015-03-18 01:00:00.000 +0100,Mostly Cloudy,rain,19.83333,19.83333,0.73,3.0751,140,16.1,0,1015.24
2015-03-18 02:00:00.000 +0100,Mostly Cloudy,rain,18.37778,18.37778,0.77,8.8389,128,15.1823,0,1016.12
2015-03-18 03:00:00.000 +0100,Partly Cloudy,rain,18.56111,18.56111,0.78,6.1502,160,16.1,0,1016.03
2015-03-18 04:00:00.000 +0100,Partly Cloudy,rain,16.38889,16.38889,0.87,5.8121,171,16.1,0,1016.22
2015-03-18 05:00:00.000 +0100,Partly Cloudy,rain,16.06667,16.06667,0.9,2.576,193,14.9569,0,1016.42
2015-03-18 06:00:00.000 +0100,Mostly Cloudy,rain,17.48333,17.48333,0.85,4.5563,225,10.2557,0,1016.64
2015-03-18 07:00:00.000 +0100,Mostly Cloudy,rain,18.8,18.8,0.78,3.3166,284,10.2557,0,1016.74
2015-03-18 08:00:00.000 +0100,Mostly Cloudy,rain,20.05,20.05,0.76,1.5939,245,15.5526,0,1016.92
2015-03-18 09:00:00.000 +0100,Mostly Cloudy,rain,22.17778,22.17778,0.67,4.2182,9,16.1,0,1017.14
2015-03-18 10:00:00.000 +0100,Mostly Cloudy,rain,22.77778,22.77778,0.7,3.3166,304,16.1,0,1016.95
2015-03-18 11:00:00.000 +0100,Mostly Cloudy,rain,24.72778,24.72778,0.6,4.7656,319,15.5526,0,1017.23
2015-03-18 12:00:00.000 +0100,Mostly Cloudy,rain,24.97778,24.97778,0.61,7.7763,18,16.1,0,1017.04
2015-03-18 13:00:00.000 +0100,Mostly Cloudy,rain,26.11111,26.11111,0.5,2.9141,229,10.2557,0,1016.82
2015-03-18 14:00:00.000 +0100,Mostly Cloudy,rain,26.90556,26.86667,0.42,1.8676,307,10.5777,0,1016.38
2015-03-18 15:00:00.000 +0100,Mostly Cloudy,rain,27.19444,27.22222,0.44,2.5921,204,16.1,0,1016.11
2015-03-18 16:00:00.000 +0100,Partly Cloudy,rain,28.77222,28.15,0.37,1.4168,221,16.1,0,1015.44
2015-03-18 17:00:00.000 +0100,Partly Cloudy,rain,27.71667,27.86667,0.46,1.1431,4,15.5526,0,1015.14
2015-03-18 18:00:00.000 +0100,Partly Cloudy,rain,27.12778,27.54444,0.5,7.5348,29,16.1,0,1014.75
2015-03-18 19:00:00.000 +0100,Partly Cloudy,rain,25.04444,25.04444,0.57,7.6475,29,16.1,0,1014.74
2015-03-18 20:00:00.000 +0100,Partly Cloudy,rain,23.19444,23.19444,0.66,7.2611,31,15.5526,0,1014.9
2015-03-18 21:00:00.000 +0100,Partly Cloudy,rain,19.97222,19.97222,0.77,10.8514,9,16.1,0,1015.05
2015-03-18 22:00:00.000 +0100,Partly Cloudy,rain,20.27778,20.27778,0.74,10.8836,18,16.1,0,1015.45
2015-03-18 23:00:00.000 +0100,Partly Cloudy,rain,19.70556,19.70556,0.73,6.1663,45,15.5526,0,1015.49
2015-03-19 00:00:00.000 +0100,Partly Cloudy,rain,17.08333,17.08333,0.87,3.3166,55,16.1,0,1015.65
2015-03-19 01:00:00.000 +0100,Partly Cloudy,rain,16.50556,16.50556,0.9,3.22,350,16.1,0,1015.57
2015-03-19 02:00:00.000 +0100,Partly Cloudy,rain,15.75,15.75,0.92,6.2629,342,15.1823,0,1015.37
2015-03-19 03:00:00.000 +0100,Partly Cloudy,rain,15.41111,15.41111,0.9,10.5777,330,16.1,0,1015.18
2015-03-19 04:00:00.000 +0100,Mostly Cloudy,rain,15.97222,15.97222,0.87,6.3595,329,16.1,0,1015.36
2015-03-19 05:00:00.000 +0100,Mostly Cloudy,rain,14.64444,14.64444,0.9,6.0053,343,15.1823,0,1015.38
2015-03-19 06:00:00.000 +0100,Mostly Cloudy,rain,17.52778,17.52778,0.9,4.6046,0,10.2557,0,1015.67
2015-03-19 07:00:00.000 +0100,Mostly Cloudy,rain,19.82222,19.82222,0.73,10.7709,19,10.2557,0,1015.97
2015-03-19 08:00:00.000 +0100,Mostly Cloudy,rain,21.92222,21.92222,0.65,7.5992,4,15.5526,0,1016.01
2015-03-19 09:00:00.000 +0100,Partly Cloudy,rain,24.79444,24.79444,0.55,4.6529,18,16.1,0,1015.96
2015-03-19 10:00:00.000 +0100,Mostly Cloudy,rain,26.01667,26.01667,0.54,9.0965,29,16.1,0,1015.62
2015-03-19 11:00:00.000 +0100,Mostly Cloudy,rain,27.15,27.64444,0.51,10.6099,15,15.5526,0,1015.25
2015-03-19 12:00:00.000 +0100,Mostly Cloudy,rain,26.16111,26.16111,0.53,12.7834,11,16.1,0,1014.96
2015-03-19 13:00:00.000 +0100,Overcast,rain,26.11667,26.11667,0.54,14.2002,10,10.2557,0,1014.7
2015-03-19 14:00:00.000 +0100,Overcast,rain,25.86667,25.86667,0.59,11.431,351,10.2235,0,1014.59
2015-03-19 15:00:00.000 +0100,Overcast,rain,24.98333,24.98333,0.58,19.803,340,9.982,0,1013.66
2015-03-19 16:00:00.000 +0100,Overcast,rain,23.93889,23.93889,0.73,14.1358,331,9.982,0,1013.48
2015-03-19 17:00:00.000 +0100,Overcast,rain,22.05556,22.05556,0.76,6.1019,20,9.6278,0,1012.46
2015-03-19 18:00:00.000 +0100,Humid and Overcast,rain,20.10556,20.10556,0.92,10.1269,226,8.1305,0,1013.21
2015-03-19 19:00:00.000 +0100,Overcast,rain,19.91111,19.91111,0.93,8.8228,310,8.1305,0,1012.59
2015-03-19 20:00:00.000 +0100,Mostly Cloudy,rain,18.81111,18.81111,0.93,11.5759,315,10.3523,0,1012.97
2015-03-19 21:00:00.000 +0100,Overcast,rain,18.77778,18.77778,0.93,11.0446,319,9.982,0,1013.98
2015-03-19 22:00:00.000 +0100,Mostly Cloudy,rain,18.22222,18.22222,0.97,6.4883,321,16.1,0,1014.55
2015-03-19 23:00:00.000 +0100,Mostly Cloudy,rain,17.67222,17.67222,0.96,6.6493,335,14.7637,0,1014.32
2015-03-02 00:00:00.000 +0100,Overcast,rain,16.71667,16.71667,0.83,18.837,201,15.8263,0,1012.85
2015-03-02 01:00:00.000 +0100,Overcast,rain,15.6,15.6,0.89,23.5382,202,14.9086,0,1012.94
2015-03-02 02:00:00.000 +0100,Overcast,rain,15.11667,15.11667,0.95,15.778,226,9.982,0,1012.41
2015-03-02 03:00:00.000 +0100,Overcast,rain,14.97778,14.97778,0.96,13.6045,229,6.2951,0,1012.21
2015-03-02 04:00:00.000 +0100,Overcast,rain,14.42222,14.42222,1,11.2378,249,6.0697,0,1011.64
2015-03-02 05:00:00.000 +0100,Overcast,rain,14.46667,14.46667,0.99,15.4077,291,6.8425,0,1011.14
2015-03-02 06:00:00.000 +0100,Overcast,rain,14.90556,14.90556,0.93,12.6868,299,9.982,0,1010.95
2015-03-02 07:00:00.000 +0100,Overcast,rain,15.99444,15.99444,0.93,15.6492,281,9.982,0,1010.77
2015-03-02 08:00:00.000 +0100,Mostly Cloudy,rain,15.93333,15.93333,0.89,13.0249,274,9.982,0,1011.05
2015-03-02 09:00:00.000 +0100,Overcast,rain,16.08889,16.08889,0.87,9.2897,280,9.982,0,1011.32
2015-03-02 10:00:00.000 +0100,Overcast,rain,16.18333,16.18333,0.92,13.2825,270,9.982,0,1011.52
2015-03-02 11:00:00.000 +0100,Mostly Cloudy,rain,17.42222,17.42222,0.86,5.4901,322,10.3523,0,1011.63
2015-03-02 12:00:00.000 +0100,Mostly Cloudy,rain,18.90556,18.90556,0.78,9.2253,270,9.982,0,1011.31
2015-03-02 13:00:00.000 +0100,Mostly Cloudy,rain,21.10556,21.10556,0.63,9.2092,271,9.982,0,1010.9
2015-03-02 14:00:00.000 +0100,Mostly Cloudy,rain,21.83333,21.83333,0.55,8.1949,333,9.982,0,1010.66
2015-03-02 15:00:00.000 +0100,Mostly Cloudy,rain,22.10556,22.10556,0.56,7.3094,17,9.982,0,1010.47
2015-03-02 16:00:00.000 +0100,Partly Cloudy,rain,21.78333,21.78333,0.6,6.5527,358,10.3523,0,1009.97
2015-03-02 17:00:00.000 +0100,Mostly Cloudy,rain,20.98333,20.98333,0.63,1.0787,93,10.3523,0,1009.83
2015-03-02 18:00:00.000 +0100,Mostly Cloudy,rain,20.98889,20.98889,0.64,4.4919,154,9.982,0,1009.64
2015-03-02 19:00:00.000 +0100,Mostly Cloudy,rain,19.9,19.9,0.73,11.6886,41,9.982,0,1010.02
2015-03-02 20:00:00.000 +0100,Partly Cloudy,rain,17.89444,17.89444,0.79,8.5491,39,10.3523,0,1009.93
2015-03-02 21:00:00.000 +0100,Partly Cloudy,rain,16.10556,16.10556,0.87,0,0,10.2557,0,1010.11
2015-03-02 22:00:00.000 +0100,Partly Cloudy,rain,15.53333,15.53333,0.93,0,0,15.8263,0,1010.72
2015-03-02 23:00:00.000 +0100,Mostly Cloudy,rain,15.60556,15.60556,0.95,2.9785,20,14.9569,0,1010.49
2015-03-20 00:00:00.000 +0100,Mostly Cloudy,rain,17.66667,17.66667,1,10.7548,321,10.2074,0,1013.95
2015-03-20 01:00:00.000 +0100,Mostly Cloudy,rain,17.66667,17.66667,1,2.9141,242,11.9784,0,1015.06
2015-03-20 02:00:00.000 +0100,Partly Cloudy,rain,17.58333,17.58333,0.97,11.6403,305,11.6886,0,1012.92
2015-03-20 03:00:00.000 +0100,Partly Cloudy,rain,16.64444,16.64444,0.97,6.279,271,7.2128,0,1013.92
2015-03-20 04:00:00.000 +0100,Foggy,rain,16.13889,16.13889,1,2.9302,189,1.5939,0,1014.79
2015-03-20 05:00:00.000 +0100,Mostly Cloudy,rain,17.15,17.15,0.97,5.1198,39,4.3631,0,1013.79
2015-03-20 06:00:00.000 +0100,Mostly Cloudy,rain,17.64444,17.64444,1,8.0339,129,4.7495,0,1014.5
2015-03-20 07:00:00.000 +0100,Mostly Cloudy,rain,17.73333,17.73333,1,7.8085,149,8.1305,0,1015.21
2015-03-20 08:00:00.000 +0100,Mostly Cloudy,rain,18.03889,18.03889,0.99,4.8461,151,7.6314,0,1015.76
2015-03-20 09:00:00.000 +0100,Mostly Cloudy,rain,18.89444,18.89444,0.93,6.9874,286,9.982,0,1016.25
2015-03-20 10:00:00.000 +0100,Mostly Cloudy,rain,22.13333,22.13333,0.76,7.4221,257,9.982,0,1016.34
2015-03-20 11:00:00.000 +0100,Mostly Cloudy,rain,22.71111,22.71111,0.78,4.9749,248,10.3523,0,1016.5
2015-03-20 12:00:00.000 +0100,Mostly Cloudy,rain,22.93889,22.93889,0.73,9.016,111,9.982,0,1017.06
2015-03-20 13:00:00.000 +0100,Mostly Cloudy,rain,24.97778,24.97778,0.73,7.1645,171,9.982,0,1017.08
2015-03-20 14:00:00.000 +0100,Partly Cloudy,rain,25.92778,25.92778,0.65,8.1305,177,10.3523,0,1017.06
2015-03-20 15:00:00.000 +0100,Partly Cloudy,rain,27.17222,27.99444,0.56,4.6851,236,9.982,0,1016.92
2015-03-20 16:00:00.000 +0100,Mostly Cloudy,rain,27.68333,28.51667,0.55,1.6905,229,9.982,0,1017.03
2015-03-20 17:00:00.000 +0100,Mostly Cloudy,rain,27.57778,28.33333,0.54,0.8694,294,10.3523,0,1017.16
2015-03-20 18:00:00.000 +0100,Mostly Cloudy,rain,27.17778,28.63333,0.64,3.2039,295,10.2557,0,1017.34
2015-03-20 19:00:00.000 +0100,Mostly Cloudy,rain,25.05,25.05,0.72,5.0554,290,10.2557,0,1017.36
2015-03-20 20:00:00.000 +0100,Mostly Cloudy,rain,23.97778,23.97778,0.75,7.4865,358,10.5777,0,1017.93
2015-03-20 21:00:00.000 +0100,Mostly Cloudy,rain,23.67778,23.67778,0.78,3.1556,33,10.2557,0,1018.08
2015-03-20 22:00:00.000 +0100,Mostly Cloudy,rain,22.47778,22.47778,0.87,7.3577,324,16.1,0,1019.35
2015-03-20 23:00:00.000 +0100,Mostly Cloudy,rain,21.42222,21.42222,0.77,13.2986,321,14.9569,0,1019.15
2015-03-21 00:00:00.000 +0100,Partly Cloudy,rain,20.32778,20.32778,0.79,6.5205,319,15.8263,0,1019.93
2015-03-21 01:00:00.000 +0100,Mostly Cloudy,rain,18.75,18.75,0.9,6.2951,337,15.1823,0,1020.06
2015-03-21 02:00:00.000 +0100,Mostly Cloudy,rain,18.28333,18.28333,0.9,6.4239,353,9.6761,0,1019.8
2015-03-21 03:00:00.000 +0100,Mostly Cloudy,rain,18.15,18.15,0.97,11.27,290,11.9784,0,1020.36
2015-03-21 04:00:00.000 +0100,Mostly Cloudy,rain,17.59444,17.59444,0.97,11.0768,329,11.9784,0,1020.26
2015-03-21 05:00:00.000 +0100,Mostly Cloudy,rain,17.72778,17.72778,0.99,10.3201,343,9.9015,0,1020.47
2015-03-21 06:00:00.000 +0100,Mostly Cloudy,rain,17.66667,17.66667,1,10.7548,330,9.9015,0,1020.87
2015-03-21 07:00:00.000 +0100,Mostly Cloudy,rain,18.73333,18.73333,0.93,7.5831,340,9.982,0,1020.78
2015-03-21 08:00:00.000 +0100,Mostly Cloudy,rain,18.85556,18.85556,0.93,10.7387,342,8.5008,0,1021.11
2015-03-21 09:00:00.000 +0100,Overcast,rain,21.08889,21.08889,0.81,4.7495,4,10.2557,0,1021.7
2015-03-21 10:00:00.000 +0100,Overcast,rain,22.17778,22.17778,0.8,9.0965,0,10.2557,0,1021.85
2015-03-21 11:00:00.000 +0100,Mostly Cloudy,rain,22.91667,22.91667,0.77,7.3899,34,10.5777,0,1021.96
2015-03-21 12:00:00.000 +0100,Overcast,rain,22.96111,22.96111,0.72,9.4185,29,10.2557,0,1022.21
2015-03-21 13:00:00.000 +0100,Overcast,rain,25.11667,25.11667,0.63,7.9051,28,9.982,0,1021.92
2015-03-21 14:00:00.000 +0100,Overcast,rain,25.27222,25.27222,0.62,8.9677,358,10.5777,0,1021.71
2015-03-21 15:00:00.000 +0100,Mostly Cloudy,rain,25.25,25.25,0.63,7.8729,31,10.2557,0,1021.7
2015-03-21 16:00:00.000 +0100,Overcast,rain,25.29444,25.29444,0.72,4.7978,26,10.2557,0,1021.51
2015-03-21 17:00:00.000 +0100,Overcast,rain,24.43889,24.43889,0.66,11.5115,12,10.5777,0,1021.58
2015-03-21 18:00:00.000 +0100,Overcast,rain,25.18333,25.18333,0.72,1.9964,36,10.2557,0,1020.69
2015-03-21 19:00:00.000 +0100,Overcast,rain,24.05,24.05,0.73,7.6636,31,10.2557,0,1020.73
2015-03-21 20:00:00.000 +0100,Mostly Cloudy,rain,23.16667,23.16667,0.85,0.2093,307,10.5777,0,1021.53
2015-03-21 21:00:00.000 +0100,Mostly Cloudy,rain,22.33889,22.33889,0.91,3.3649,296,16.1,0,1021.55
2015-03-21 22:00:00.000 +0100,Mostly Cloudy,rain,21.64444,21.64444,0.92,3.0751,0,15.1823,0,1021.94
2015-03-21 23:00:00.000 +0100,Mostly Cloudy,rain,21.17222,21.17222,0.91,3.2039,42,14.7637,0,1022.04
2015-03-22 00:00:00.000 +0100,Mostly Cloudy,rain,21.46111,21.46111,0.92,3.22,350,15.1823,0,1022.35
2015-03-22 01:00:00.000 +0100,Mostly Cloudy,rain,21.48889,21.48889,0.92,6.3917,333,15.1823,0,1022.37
2015-03-22 02:00:00.000 +0100,Mostly Cloudy,rain,20.99444,20.99444,0.89,7.2289,2,14.7637,0,1022.44
2015-03-22 03:00:00.000 +0100,Mostly Cloudy,rain,20.88889,20.88889,0.9,6.6493,19,15.1823,0,1022.27
2015-03-22 04:00:00.000 +0100,Partly Cloudy,rain,20.41667,20.41667,0.9,6.4561,18,15.1823,0,1022.37
2015-03-22 05:00:00.000 +0100,Partly Cloudy,rain,19.06111,19.06111,0.92,6.1502,337,12.2843,0,1022.64
2015-03-22 06:00:00.000 +0100,Partly Cloudy,rain,19.95556,19.95556,0.92,4.8944,351,12.2521,0,1022.75
2015-03-22 07:00:00.000 +0100,Mostly Cloudy,rain,22.13333,22.13333,0.81,9.7083,1,15.1823,0,1023.05
2015-03-22 08:00:00.000 +0100,Mostly Cloudy,rain,22.76111,22.76111,0.83,10.1269,19,14.7637,0,1022.97
2015-03-22 09:00:00.000 +0100,Mostly Cloudy,rain,25.99444,25.99444,0.69,10.787,20,16.1,0,1023.25
2015-03-22 10:00:00.000 +0100,Partly Cloudy,rain,27.22222,28.72222,0.64,12.2521,19,16.1,0,1022.96
2015-03-22 11:00:00.000 +0100,Partly Cloudy,rain,27.7,29.55556,0.65,8.2271,35,15.5526,0,1023.21
2015-03-22 12:00:00.000 +0100,Partly Cloudy,rain,28.86667,30.02778,0.54,9.3541,20,16.1,0,1022.96
2015-03-22 13:00:00.000 +0100,Partly Cloudy,rain,28.93333,30.10556,0.54,10.6904,19,16.1,0,1022.65
2015-03-22 14:00:00.000 +0100,Partly Cloudy,rain,29.96111,31.52778,0.53,11.592,358,15.5526,0,1022.32
2015-03-22 15:00:00.000 +0100,Partly Cloudy,rain,30.04444,31.83889,0.54,12.2038,30,16.1,0,1022.04
2015-03-22 16:00:00.000 +0100,Partly Cloudy,rain,30.04444,31.21667,0.51,12.5258,30,16.1,0,1021.74
2015-03-22 17:00:00.000 +0100,Partly Cloudy,rain,30.18889,32.42778,0.56,10.2557,353,15.5526,0,1021.71
2015-03-22 18:00:00.000 +0100,Partly Cloudy,rain,29.00556,30.73333,0.58,12.2843,351,16.1,0,1021.24
2015-03-22 19:00:00.000 +0100,Partly Cloudy,rain,27.89444,29.11111,0.58,10.6582,342,16.1,0,1021.13
2015-03-22 20:00:00.000 +0100,Partly Cloudy,rain,26.45556,26.45556,0.67,8.7262,352,15.5526,0,1021.4
2015-03-22 21:00:00.000 +0100,Partly Cloudy,rain,23.95556,23.95556,0.78,7.6314,349,16.1,0,1021.54
2015-03-22 22:00:00.000 +0100,Partly Cloudy,rain,23.28889,23.28889,0.82,6.3917,357,16.1,0,1022.05
2015-03-22 23:00:00.000 +0100,Partly Cloudy,rain,22.41111,22.41111,0.84,6.44,350,15.5526,0,1021.95
2015-03-23 00:00:00.000 +0100,Partly Cloudy,rain,21.68889,21.68889,0.86,6.1341,349,16.1,0,1022.07
2015-03-23 01:00:00.000 +0100,Partly Cloudy,rain,21.03889,21.03889,0.89,6.2951,320,16.1,0,1022.36
2015-03-23 02:00:00.000 +0100,Mostly Cloudy,rain,21.15,21.15,0.88,6.1985,334,15.1823,0,1022.35
2015-03-23 03:00:00.000 +0100,Partly Cloudy,rain,20.39444,20.39444,0.87,10.8997,330,16.1,0,1022.35
2015-03-23 04:00:00.000 +0100,Partly Cloudy,rain,19.30556,19.30556,0.93,6.3595,339,16.1,0,1022.16
2015-03-23 05:00:00.000 +0100,Partly Cloudy,rain,19.11667,19.11667,0.91,6.0375,343,14.3934,0,1022.16
2015-03-23 06:00:00.000 +0100,Clear,rain,20.95556,20.95556,0.87,3.22,340,16.1,0,1022.26
2015-03-23 07:00:00.000 +0100,Partly Cloudy,rain,23.71111,23.71111,0.74,7.567,19,16.1,0,1022.28
2015-03-23 08:00:00.000 +0100,Partly Cloudy,rain,25.91111,25.91111,0.68,5.3774,9,15.1823,0,1022.25
2015-03-23 09:00:00.000 +0100,Partly Cloudy,rain,27.17778,28.85,0.66,6.2468,21,16.1,0,1022.37
2015-03-23 10:00:00.000 +0100,Partly Cloudy,rain,28.83889,30.57222,0.59,12.2199,38,16.1,0,1022.35
2015-03-23 11:00:00.000 +0100,Partly Cloudy,rain,30.1,32.09444,0.55,13.8621,35,15.5526,0,1022.42
2015-03-23 12:00:00.000 +0100,Partly Cloudy,rain,31.13333,33.07222,0.51,10.8997,30,16.1,0,1022.43
2015-03-23 13:00:00.000 +0100,Partly Cloudy,rain,31.15556,33.67778,0.54,10.465,22,10.2557,0,1022.03
2015-03-23 14:00:00.000 +0100,Partly Cloudy,rain,32.32222,34.57778,0.48,8.3559,347,10.5777,0,1021.67
2015-03-23 15:00:00.000 +0100,Partly Cloudy,rain,32.8,35.6,0.49,4.4919,34,10.2557,0,1021.24
2015-03-23 16:00:00.000 +0100,Partly Cloudy,rain,32.8,33.64444,0.41,3.1556,28,16.1,0,1020.83
2015-03-23 17:00:00.000 +0100,Partly Cloudy,rain,32.41111,34.10556,0.46,9.2736,35,15.5526,0,1020.42
2015-03-23 18:00:00.000 +0100,Partly Cloudy,rain,31.22778,33.82778,0.54,10.8836,11,10.2557,0,1020.03
2015-03-23 19:00:00.000 +0100,Partly Cloudy,rain,30.04444,33.31667,0.62,9.2092,40,16.1,0,1019.92
2015-03-23 20:00:00.000 +0100,Partly Cloudy,rain,28.20556,30.61111,0.67,8.7262,20,10.5777,0,1020.27
2015-03-23 21:00:00.000 +0100,Partly Cloudy,rain,25.09444,25.09444,0.78,3.0751,19,16.1,0,1020.05
2015-03-23 22:00:00.000 +0100,Partly Cloudy,rain,24.86111,24.86111,0.82,0,0,16.1,0,1020.82
2015-03-23 23:00:00.000 +0100,Partly Cloudy,rain,23.08889,23.08889,0.88,6.0858,352,15.5526,0,1020.46
2015-03-24 00:00:00.000 +0100,Partly Cloudy,rain,22.12778,22.12778,0.93,6.2307,19,16.0517,0,1020.16
2015-03-24 01:00:00.000 +0100,Partly Cloudy,rain,23.10556,23.10556,0.84,6.1663,60,16.0517,0,1020.21
2015-03-24 02:00:00.000 +0100,Partly Cloudy,rain,22.68333,22.68333,0.87,6.1663,52,14.168,0,1020.05
2015-03-24 03:00:00.000 +0100,Clear,rain,20.97222,20.97222,0.97,3.0107,47,14.9086,0,1019.95
2015-03-24 04:00:00.000 +0100,Clear,rain,20.46667,20.46667,0.96,1.6905,350,14.9086,0,1019.38
2015-03-24 05:00:00.000 +0100,Partly Cloudy,rain,20.67222,20.67222,0.96,4.3953,82,9.982,0,1019.47
2015-03-24 06:00:00.000 +0100,Partly Cloudy,rain,22.08889,22.08889,0.99,3.0912,10,12.2521,0,1019.35
2015-03-24 07:00:00.000 +0100,Partly Cloudy,rain,25.81667,25.81667,0.75,5.0876,32,12.2521,0,1019.06
2015-03-24 08:00:00.000 +0100,Partly Cloudy,rain,27.63333,30.16111,0.72,3.3488,37,14.7315,0,1019.15
2015-03-24 09:00:00.000 +0100,Partly Cloudy,rain,29.90556,32.6,0.6,8.0178,107,15.134,0,1019.12
2015-03-24 10:00:00.000 +0100,Partly Cloudy,rain,32.08333,35.23333,0.53,13.7011,138,15.134,0,1019.09
2015-03-24 11:00:00.000 +0100,Partly Cloudy,rain,32.63333,36.39444,0.53,12.3487,140,10.3523,0,1018.96
2015-03-24 12:00:00.000 +0100,Partly Cloudy,rain,33.65,35.88889,0.44,15.2789,151,15.3111,0,1018.49
2015-03-24 13:00:00.000 +0100,Partly Cloudy,rain,33.86111,35.53333,0.41,12.3648,149,16.1,0,1018.01
2015-03-24 14:00:00.000 +0100,Partly Cloudy,rain,34.59444,36.99444,0.42,10.3362,144,15.5526,0,1017.5
2015-03-24 15:00:00.000 +0100,Partly Cloudy,rain,32.93333,37.00556,0.53,9.5473,148,10.2557,0,1016.91
2015-03-24 16:00:00.000 +0100,Mostly Cloudy,rain,32.89444,35.91667,0.49,10.9641,113,16.1,0,1016.39
2015-03-24 17:00:00.000 +0100,Partly Cloudy,rain,33.91111,35.93889,0.43,10.1591,114,15.5526,0,1016.16
2015-03-24 18:00:00.000 +0100,Partly Cloudy,rain,33.83889,36.25556,0.44,11.1734,129,9.982,0,1015.8
2015-03-24 19:00:00.000 +0100,Breezy and Mostly Cloudy,rain,26.57222,26.57222,0.58,38.8332,91,8.1305,0,1015.58
2015-03-24 20:00:00.000 +0100,Mostly Cloudy,rain,25.58333,25.58333,0.69,12.9605,117,10.3523,0,1016.33
2015-03-24 21:00:00.000 +0100,Mostly Cloudy,rain,24.18889,24.18889,0.77,10.5777,44,9.982,0,1016.12
2015-03-24 22:00:00.000 +0100,Mostly Cloudy,rain,23.96111,23.96111,0.78,6.118,109,16.1,0,1016.22
2015-03-24 23:00:00.000 +0100,Partly Cloudy,rain,23.76111,23.76111,0.73,13.6528,127,15.5526,0,1016.93
2015-03-25 00:00:00.000 +0100,Partly Cloudy,rain,22.78889,22.78889,0.73,10.8031,120,16.1,0,1016.31
2015-03-25 01:00:00.000 +0100,Partly Cloudy,rain,21.64444,21.64444,0.76,10.7548,130,16.1,0,1016.19
2015-03-25 02:00:00.000 +0100,Partly Cloudy,rain,20.98333,20.98333,0.8,10.4811,116,15.5204,0,1015.85
2015-03-25 03:00:00.000 +0100,Partly Cloudy,rain,18.93889,18.93889,0.87,3.1556,128,16.0517,0,1015.7
2015-03-25 04:00:00.000 +0100,Partly Cloudy,rain,19.37778,19.37778,0.87,6.2629,129,15.8263,0,1015.3
2015-03-25 05:00:00.000 +0100,Partly Cloudy,rain,19.43889,19.43889,0.84,10.2718,126,15.3111,0,1015.19
2015-03-25 06:00:00.000 +0100,Partly Cloudy,rain,21,21,0.8,11.109,109,15.8263,0,1015.39
2015-03-25 07:00:00.000 +0100,Partly Cloudy,rain,22.71111,22.71111,0.73,9.4668,109,16.1,0,1015.31
2015-03-25 08:00:00.000 +0100,Partly Cloudy,rain,25.92222,25.92222,0.59,12.1233,118,15.5526,0,1015.31
2015-03-25 09:00:00.000 +0100,Partly Cloudy,rain,27.26667,28.08333,0.56,11.2378,111,16.1,0,1015.19
2015-03-25 10:00:00.000 +0100,Partly Cloudy,rain,28.93333,30.15556,0.55,12.5902,102,16.1,0,1015.09
2015-03-25 11:00:00.000 +0100,Partly Cloudy,rain,30.91111,31.60556,0.45,13.0088,99,15.5526,0,1015.04
2015-03-25 12:00:00.000 +0100,Partly Cloudy,rain,32.21667,33.58333,0.45,17.4363,130,16.1,0,1014.87
2015-03-25 13:00:00.000 +0100,Partly Cloudy,rain,32.82222,33.68889,0.41,15.778,122,16.1,0,1014.47
2015-03-25 14:00:00.000 +0100,Partly Cloudy,rain,32.75556,33.36111,0.4,14.973,107,15.5526,0,1013.86
2015-03-25 15:00:00.000 +0100,Partly Cloudy,rain,32.82222,33.48889,0.4,20.2377,102,16.1,0,1013.37
2015-03-25 16:00:00.000 +0100,Partly Cloudy,rain,32.77778,32.91111,0.37,14.2807,121,16.1,0,1012.88
2015-03-25 17:00:00.000 +0100,Partly Cloudy,rain,32.71667,33.37778,0.4,14.1197,123,15.5526,0,1012.17
2015-03-25 18:00:00.000 +0100,Partly Cloudy,rain,32.75556,33.42222,0.4,12.8317,122,16.1,0,1011.67
2015-03-25 19:00:00.000 +0100,Partly Cloudy,rain,31.11111,32.38333,0.48,16.9694,130,16.1,0,1011.47
2015-03-25 20:00:00.000 +0100,Partly Cloudy,rain,28.08333,29.98333,0.63,8.4042,149,15.5526,0,1011.42
2015-03-25 21:00:00.000 +0100,Partly Cloudy,rain,26.64444,26.64444,0.71,3.3166,152,16.1,0,1011.71
2015-03-25 22:00:00.000 +0100,Partly Cloudy,rain,25.46667,25.46667,0.74,6.2951,160,16.1,0,1012.48
2015-03-25 23:00:00.000 +0100,Partly Cloudy,rain,24.49444,24.49444,0.75,6.9552,153,15.5526,0,1012.69
2015-03-26 00:00:00.000 +0100,Clear,rain,22.80556,22.80556,0.82,3.0912,154,16.1,0,1012.83
2015-03-26 01:00:00.000 +0100,Partly Cloudy,rain,21.18333,21.18333,0.9,3.1234,217,16.1,0,1013.59
2015-03-26 02:00:00.000 +0100,Partly Cloudy,rain,22.18333,22.18333,0.81,9.4668,104,15.1823,0,1012.75
2015-03-26 03:00:00.000 +0100,Clear,rain,22.61667,22.61667,0.77,10.2557,151,16.1,0,1012.62
2015-03-26 04:00:00.000 +0100,Clear,rain,21.55,21.55,0.84,10.2396,120,15.8263,0,1012.54
2015-03-26 05:00:00.000 +0100,Partly Cloudy,rain,21.43333,21.43333,0.83,5.8926,116,14.9569,0,1013.12
2015-03-26 06:00:00.000 +0100,Partly Cloudy,rain,22.64444,22.64444,0.8,2.7048,171,15.8263,0,1013.11
2015-03-26 07:00:00.000 +0100,Partly Cloudy,rain,24.77222,24.77222,0.74,4.0894,217,15.1823,0,1013.65
2015-03-26 08:00:00.000 +0100,Partly Cloudy,rain,25.92778,25.92778,0.69,9.8371,135,15.5526,0,1013.99
2015-03-26 09:00:00.000 +0100,Partly Cloudy,rain,28.72778,29.96667,0.55,14.812,150,16.1,0,1013.64
2015-03-26 10:00:00.000 +0100,Partly Cloudy,rain,29.77778,30.62222,0.49,22.5078,180,16.1,0,1013.84
2015-03-26 11:00:00.000 +0100,Partly Cloudy,rain,30.76667,31.53333,0.46,19.4649,198,15.5526,0,1013.96
2015-03-26 12:00:00.000 +0100,Mostly Cloudy,rain,31.04444,31.88889,0.46,15.0696,172,16.1,0,1014.01
2015-03-26 13:00:00.000 +0100,Mostly Cloudy,rain,32.08333,32.88333,0.43,13.1698,182,16.1,0,1013.72
2015-03-26 14:00:00.000 +0100,Mostly Cloudy,rain,32.03333,32.07222,0.39,10.8997,165,15.5526,0,1013.18
2015-03-26 15:00:00.000 +0100,Mostly Cloudy,rain,32.62222,33.36111,0.41,7.0357,235,15.8263,0,1012.73
2015-03-26 16:00:00.000 +0100,Mostly Cloudy,rain,32.64444,32.8,0.38,4.8622,239,15.8263,0,1012.33
2015-03-26 17:00:00.000 +0100,Mostly Cloudy,rain,32.39444,32.53889,0.38,3.6064,266,10.3523,0,1012.08
2015-03-26 18:00:00.000 +0100,Mostly Cloudy,rain,27.42778,28.28333,0.56,10.8997,118,9.982,0,1012.4
2015-03-26 19:00:00.000 +0100,Mostly Cloudy,rain,24.30556,24.30556,0.72,7.4865,245,9.982,0,1012.61
2015-03-26 20:00:00.000 +0100,Mostly Cloudy,rain,23.25,23.25,0.77,14.6027,143,9.982,0,1014.05
2015-03-26 21:00:00.000 +0100,Mostly Cloudy,rain,21.5,21.5,0.8,9.5473,209,9.982,0,1013.17
2015-03-26 22:00:00.000 +0100,Mostly Cloudy,rain,21.92222,21.92222,0.75,10.5938,245,15.8263,0,1012.89
2015-03-26 23:00:00.000 +0100,Mostly Cloudy,rain,21.19444,21.19444,0.86,4.508,325,9.982,0,1013.8
2015-03-27 00:00:00.000 +0100,Overcast,rain,21.62222,21.62222,0.81,15.8907,312,15.8263,0,1014.62
2015-03-27 01:00:00.000 +0100,Mostly Cloudy,rain,19.51667,19.51667,0.96,12.4453,348,15.8263,0,1014.52
2015-03-27 02:00:00.000 +0100,Mostly Cloudy,rain,19.57778,19.57778,0.95,6.1341,331,14.9569,0,1013.27
2015-03-27 03:00:00.000 +0100,Mostly Cloudy,rain,19.42222,19.42222,0.96,6.0858,335,14.9086,0,1013.67
2015-03-27 04:00:00.000 +0100,Mostly Cloudy,rain,18.90556,18.90556,0.96,2.1574,143,11.6886,0,1013.75
2015-03-27 05:00:00.000 +0100,Mostly Cloudy,rain,18.88889,18.88889,0.96,5.8443,120,11.6886,0,1013.62
2015-03-27 06:00:00.000 +0100,Mostly Cloudy,rain,20.92778,20.92778,0.93,8.855,193,9.982,0,1013.74
2015-03-27 07:00:00.000 +0100,Mostly Cloudy,rain,21.01667,21.01667,0.93,4.5885,318,9.982,0,1014.03
2015-03-27 08:00:00.000 +0100,Mostly Cloudy,rain,22.19444,22.19444,0.81,7.0679,293,10.3523,0,1014.59
2015-03-27 09:00:00.000 +0100,Mostly Cloudy,rain,23.75,23.75,0.74,2.4794,121,9.982,0,1013.76
2015-03-27 10:00:00.000 +0100,Mostly Cloudy,rain,25.90556,25.90556,0.66,4.8944,271,9.982,0,1013.97
2015-03-27 11:00:00.000 +0100,Mostly Cloudy,rain,25.63889,25.63889,0.69,8.855,318,10.3523,0,1013.97
2015-03-27 12:00:00.000 +0100,Mostly Cloudy,rain,26.71111,27.88889,0.63,9.6278,266,9.8049,0,1013.67
2015-03-27 13:00:00.000 +0100,Mostly Cloudy,rain,26.9,27.80556,0.58,12.8156,347,9.982,0,1012.75
2015-03-27 14:00:00.000 +0100,Mostly Cloudy,rain,26.96667,28.01111,0.6,14.9086,348,10.3523,0,1012.62
2015-03-27 15:00:00.000 +0100,Mostly Cloudy,rain,27.03333,28.5,0.65,21.8316,330,9.982,0,1012.49
2015-03-27 16:00:00.000 +0100,Partly Cloudy,rain,27.10556,28.22222,0.6,20.3826,340,9.982,0,1012.38
2015-03-27 17:00:00.000 +0100,Partly Cloudy,rain,25.35,25.35,0.62,19.7547,342,10.3523,0,1012.3
2015-03-27 18:00:00.000 +0100,Mostly Cloudy,rain,23.89444,23.89444,0.66,24.9711,311,9.982,0,1011.72
2015-03-27 19:00:00.000 +0100,Mostly Cloudy,rain,22.80556,22.80556,0.7,17.2753,310,10.2557,0,1012.4
2015-03-27 20:00:00.000 +0100,Mostly Cloudy,rain,22.23333,22.23333,0.73,13.685,290,10.5777,0,1012.72
2015-03-27 21:00:00.000 +0100,Overcast,rain,22,22,0.74,15.5043,290,10.2557,0,1013.38
2015-03-27 22:00:00.000 +0100,Overcast,rain,21.43889,21.43889,0.72,20.7851,300,16.1,0,1013.68
2015-03-27 23:00:00.000 +0100,Overcast,rain,20.23889,20.23889,0.79,18.193,292,14.8281,0,1013.83
2015-03-28 00:00:00.000 +0100,Overcast,rain,19.79444,19.79444,0.79,19.9318,290,16.0517,0,1013.7
2015-03-28 01:00:00.000 +0100,Overcast,rain,19.28333,19.28333,0.78,17.1304,291,15.8263,0,1013.59
2015-03-28 02:00:00.000 +0100,Overcast,rain,19.00556,19.00556,0.77,15.3916,301,14.5866,0,1013.6
2015-03-28 03:00:00.000 +0100,Mostly Cloudy,rain,17.71111,17.71111,0.81,14.0392,290,15.8263,0,1013.49
2015-03-28 04:00:00.000 +0100,Overcast,rain,17.71111,17.71111,0.81,13.8943,300,15.8263,0,1013.48
2015-03-28 05:00:00.000 +0100,Overcast,rain,16.62222,16.62222,0.91,13.4757,302,8.0983,0,1013.54
2015-03-28 06:00:00.000 +0100,Overcast,rain,17.2,17.2,0.87,11.1412,292,14.9086,0,1013.59
2015-03-28 07:00:00.000 +0100,Overcast,rain,17.22222,17.22222,0.87,11.3505,311,9.982,0,1013.69
2015-03-28 08:00:00.000 +0100,Overcast,rain,17.54444,17.54444,0.86,14.9247,311,9.6278,0,1014.12
2015-03-28 09:00:00.000 +0100,Overcast,rain,18.77222,18.77222,0.84,14.1519,310,14.812,0,1014.19
2015-03-28 10:00:00.000 +0100,Overcast,rain,19.86111,19.86111,0.84,15.8102,301,15.8263,0,1014.2
2015-03-28 11:00:00.000 +0100,Mostly Cloudy,rain,21.75556,21.75556,0.75,14.6832,321,9.982,0,1014.18
2015-03-28 12:00:00.000 +0100,Mostly Cloudy,rain,22.71111,22.71111,0.71,14.1358,319,9.982,0,1013.99
2015-03-28 13:00:00.000 +0100,Mostly Cloudy,rain,22.87222,22.87222,0.66,17.2592,320,9.982,0,1014.07
2015-03-28 14:00:00.000 +0100,Mostly Cloudy,rain,23.83333,23.83333,0.64,16.5025,302,10.3523,0,1013.95
2015-03-28 15:00:00.000 +0100,Mostly Cloudy,rain,24.92778,24.92778,0.62,14.4578,329,9.982,0,1013.66
2015-03-28 16:00:00.000 +0100,Mostly Cloudy,rain,22.93333,22.93333,0.65,20.3826,321,9.982,0,1013.35
2015-03-28 17:00:00.000 +0100,Mostly Cloudy,rain,24.73889,24.73889,0.59,17.871,313,10.5777,0,1013.31
2015-03-28 18:00:00.000 +0100,Mostly Cloudy,rain,24.02778,24.02778,0.61,15.6331,321,10.2557,0,1013.35
2015-03-28 19:00:00.000 +0100,Mostly Cloudy,rain,22.91667,22.91667,0.69,12.5741,0,9.982,0,1013.54
2015-03-28 20:00:00.000 +0100,Mostly Cloudy,rain,22.34444,22.34444,0.7,9.8371,349,10.3523,0,1013.88
2015-03-28 21:00:00.000 +0100,Partly Cloudy,rain,20.06667,20.06667,0.83,7.6797,330,10.2557,0,1014.15
2015-03-28 22:00:00.000 +0100,Partly Cloudy,rain,18.83889,18.83889,0.89,4.6207,335,16.1,0,1015.26
2015-03-28 23:00:00.000 +0100,Partly Cloudy,rain,17.92222,17.92222,0.91,3.4454,1,15.5526,0,1014.77
2015-03-29 00:00:00.000 +0100,Partly Cloudy,rain,16.62778,16.62778,0.96,3.059,333,16.1,0,1015.14
2015-03-29 01:00:00.000 +0100,Partly Cloudy,rain,16.02222,16.02222,0.99,7.6797,330,16.1,0,1015.96
2015-03-29 03:00:00.000 +0200,Partly Cloudy,rain,16.57222,16.57222,0.9,6.1824,27,14.3934,0,1015.38
2015-03-29 04:00:00.000 +0200,Partly Cloudy,rain,14.96111,14.96111,0.96,6.2951,330,12.2521,0,1015.46
2015-03-29 05:00:00.000 +0200,Partly Cloudy,rain,14.38333,14.38333,1,6.1502,310,10.2557,0,1015.36
2015-03-29 06:00:00.000 +0200,Partly Cloudy,rain,14.2,14.2,0.99,3.4454,304,9.982,0,1015.59
2015-03-29 07:00:00.000 +0200,Partly Cloudy,rain,16.07222,16.07222,0.93,9.3541,340,14.9086,0,1015.85
2015-03-29 08:00:00.000 +0200,Partly Cloudy,rain,19.8,19.8,0.78,9.5473,9,15.1823,0,1015.75
2015-03-29 09:00:00.000 +0200,Partly Cloudy,rain,21.95,21.95,0.64,11.7369,18,15.5526,0,1015.98
2015-03-29 10:00:00.000 +0200,Partly Cloudy,rain,22.82778,22.82778,0.57,12.3809,0,16.1,0,1016.06
2015-03-29 11:00:00.000 +0200,Partly Cloudy,rain,23.91111,23.91111,0.54,12.0267,10,16.1,0,1016.23
2015-03-29 12:00:00.000 +0200,Partly Cloudy,rain,25.90556,25.90556,0.49,9.2736,333,10.5777,0,1016.05
2015-03-29 13:00:00.000 +0200,Partly Cloudy,rain,27.19444,27.23333,0.44,10.9319,350,10.2557,0,1015.82
2015-03-29 14:00:00.000 +0200,Partly Cloudy,rain,27.17222,27.06111,0.41,10.6743,358,16.1,0,1015.63
2015-03-29 15:00:00.000 +0200,Partly Cloudy,rain,27.25,27.07222,0.4,7.7763,26,15.5526,0,1015.5
2015-03-29 16:00:00.000 +0200,Partly Cloudy,rain,27.8,27.65556,0.43,4.6529,54,16.1,0,1015.22
2015-03-29 17:00:00.000 +0200,Partly Cloudy,rain,27.82222,27.87778,0.45,10.7709,29,16.1,0,1014.92
2015-03-29 18:00:00.000 +0200,Partly Cloudy,rain,27.9,27.48889,0.39,6.8747,18,15.5526,0,1014.62
2015-03-29 19:00:00.000 +0200,Partly Cloudy,rain,27.82222,27.87778,0.45,4.6207,358,16.1,0,1014.32
2015-03-29 20:00:00.000 +0200,Partly Cloudy,rain,27.24444,27.09444,0.41,0.4669,315,16.1,0,1014.22
2015-03-29 21:00:00.000 +0200,Partly Cloudy,rain,24.35,24.35,0.59,7.6797,40,15.5526,0,1014.31
2015-03-29 22:00:00.000 +0200,Partly Cloudy,rain,21.15556,21.15556,0.72,3.22,40,16.1,0,1014.8
2015-03-29 23:00:00.000 +0200,Clear,rain,19.44444,19.44444,0.81,0,0,16.1,0,1015.41
2015-03-03 00:00:00.000 +0100,Clear,rain,18.02778,18.02778,0.87,1.7066,349,15.5526,0,1015.66
2015-03-03 01:00:00.000 +0100,Mostly Cloudy,rain,15.46667,15.46667,0.96,3.22,90,15.8263,0,1010.61
2015-03-03 02:00:00.000 +0100,Partly Cloudy,rain,14.86111,14.86111,0.96,0,0,15.7297,0,1010.33
2015-03-03 03:00:00.000 +0100,Partly Cloudy,rain,13.85556,13.85556,0.99,3.22,250,5.8604,0,1010.45
2015-03-03 04:00:00.000 +0100,Partly Cloudy,rain,13.21667,13.21667,1,3.059,42,4.991,0,1010.41
2015-03-03 05:00:00.000 +0100,Foggy,rain,12.66111,12.66111,1,0,0,1.8837,0,1010.12
2015-03-03 06:00:00.000 +0100,Partly Cloudy,rain,12.32222,12.32222,0.99,0.8855,26,3.4615,0,1009.99
2015-03-03 07:00:00.000 +0100,Partly Cloudy,rain,14.77222,14.77222,1,0,0,5.9087,0,1010.12
2015-03-03 08:00:00.000 +0100,Partly Cloudy,rain,17.04444,17.04444,0.94,3.2039,115,6.0697,0,1010.13
2015-03-03 09:00:00.000 +0100,Mostly Cloudy,rain,17.75,17.75,0.9,3.0268,196,9.982,0,1010.33
2015-03-03 10:00:00.000 +0100,Mostly Cloudy,rain,18.88889,18.88889,0.78,3.3488,238,9.982,0,1010.51
2015-03-03 11:00:00.000 +0100,Partly Cloudy,rain,22.12778,22.12778,0.59,3.1717,210,9.982,0,1010.22
2015-03-03 12:00:00.000 +0100,Mostly Cloudy,rain,22.27222,22.27222,0.62,2.7853,178,10.3523,0,1009.98
2015-03-03 13:00:00.000 +0100,Mostly Cloudy,rain,22.82222,22.82222,0.57,3.0751,218,9.982,0,1009.71
2015-03-03 14:00:00.000 +0100,Mostly Cloudy,rain,22.77778,22.77778,0.57,2.6243,138,9.982,0,1009.24
2015-03-03 15:00:00.000 +0100,Mostly Cloudy,rain,20.30556,20.30556,0.72,12.6707,223,10.3523,0,1009.23
2015-03-03 16:00:00.000 +0100,Mostly Cloudy,rain,20.33889,20.33889,0.76,9.1609,282,9.982,0,1009.17
2015-03-03 17:00:00.000 +0100,Mostly Cloudy,rain,20.31667,20.31667,0.76,9.2897,272,9.982,0,1008.68
2015-03-03 18:00:00.000 +0100,Mostly Cloudy,rain,21.89444,21.89444,0.72,8.9516,266,9.982,0,1008.94
2015-03-03 19:00:00.000 +0100,Mostly Cloudy,rain,21.20556,21.20556,0.78,4.7495,331,9.982,0,1008.43
2015-03-03 20:00:00.000 +0100,Mostly Cloudy,rain,20.09444,20.09444,0.77,7.4865,282,10.2557,0,1008.72
2015-03-03 21:00:00.000 +0100,Mostly Cloudy,rain,19.00556,19.00556,0.83,4.2182,265,10.3523,0,1008.78
2015-03-03 22:00:00.000 +0100,Mostly Cloudy,rain,17.31667,17.31667,0.92,4.83,240,15.8263,0,1008.83
2015-03-03 23:00:00.000 +0100,Mostly Cloudy,rain,16.67222,16.67222,0.93,5.8443,282,16.1,0,1009.33
2015-03-30 00:00:00.000 +0200,Mostly Cloudy,rain,16.14444,16.14444,0.93,3.381,252,15.6975,0,1009.36
2015-03-30 01:00:00.000 +0200,Clear,rain,16.64444,16.64444,0.92,0,0,16.1,0,1015.73
2015-03-30 02:00:00.000 +0200,Clear,rain,16.08889,16.08889,0.93,0,0,16.1,0,1015.81
2015-03-30 03:00:00.000 +0200,Clear,rain,15.77778,15.77778,0.95,0.9982,329,15.5526,0,1015.79
2015-03-30 04:00:00.000 +0200,Clear,rain,15.53333,15.53333,0.99,3.22,100,16.1,0,1015.73
2015-03-30 05:00:00.000 +0200,Clear,rain,14.42222,14.42222,1,0,0,15.8263,0,1015.74
2015-03-30 06:00:00.000 +0200,Clear,rain,14.68333,14.68333,0.95,3.22,230,14.5222,0,1015.87
2015-03-30 07:00:00.000 +0200,Partly Cloudy,rain,17.07222,17.07222,1,0,0,15.1823,0,1015.83
2015-03-30 08:00:00.000 +0200,Partly Cloudy,rain,20.96111,20.96111,0.86,3.22,210,16.0517,0,1015.74
2015-03-30 09:00:00.000 +0200,Partly Cloudy,rain,23.80556,23.80556,0.73,3.1073,165,15.5526,0,1015.98
2015-03-30 10:00:00.000 +0200,Partly Cloudy,rain,27.2,27.66667,0.51,4.7173,161,16.1,0,1016.01
2015-03-30 11:00:00.000 +0200,Partly Cloudy,rain,27.8,27.87778,0.46,4.5885,98,16.1,0,1016.11
2015-03-30 12:00:00.000 +0200,Partly Cloudy,rain,28.62222,28.18889,0.39,6.44,166,15.5526,0,1016.22
2015-03-30 13:00:00.000 +0200,Partly Cloudy,rain,28.93333,28.78333,0.43,3.4454,114,16.1,0,1016.1
2015-03-30 14:00:00.000 +0200,Partly Cloudy,rain,30.02222,29.69444,0.4,9.1448,132,16.1,0,1015.8
2015-03-30 15:00:00.000 +0200,Partly Cloudy,rain,29.86667,29.16111,0.36,7.1645,155,15.5526,0,1015.37
2015-03-30 16:00:00.000 +0200,Partly Cloudy,rain,30.99444,30.28889,0.35,7.2128,54,16.1,0,1014.91
2015-03-30 17:00:00.000 +0200,Partly Cloudy,rain,31.01667,30.1,0.33,8.0339,150,16.1,0,1014.52
2015-03-30 18:00:00.000 +0200,Mostly Cloudy,rain,30.8,29.83889,0.33,7.8729,121,15.5526,0,1014.36
2015-03-30 19:00:00.000 +0200,Mostly Cloudy,rain,28.81667,28.46111,0.4,4.6529,114,16.1,0,1014.22
2015-03-30 20:00:00.000 +0200,Mostly Cloudy,rain,27.8,28.44444,0.52,7.6797,181,16.1,0,1014.21
2015-03-30 21:00:00.000 +0200,Mostly Cloudy,rain,26.23889,26.23889,0.62,4.2826,196,15.5526,0,1014.14
2015-03-30 22:00:00.000 +0200,Mostly Cloudy,rain,22.84444,22.84444,0.78,0,0,16.1,0,1014.53
2015-03-30 23:00:00.000 +0200,Mostly Cloudy,rain,22.73333,22.73333,0.76,0,0,16.1,0,1015.22
2015-03-31 00:00:00.000 +0200,Partly Cloudy,rain,21.71111,21.71111,0.79,3.0107,289,15.5526,0,1015.41
2015-03-31 01:00:00.000 +0200,Mostly Cloudy,rain,15.51111,15.51111,0.93,6.4883,339,16.1,0,1009.55
2015-03-31 02:00:00.000 +0200,Mostly Cloudy,rain,14.96111,14.96111,0.96,3.0268,263,16.1,0,1009.65
2015-03-31 03:00:00.000 +0200,Mostly Cloudy,rain,15.66667,15.66667,0.95,2.1413,311,15.1823,0,1009.5
2015-03-31 04:00:00.000 +0200,Mostly Cloudy,rain,15.45,15.45,1,6.1502,350,15.8263,0,1009.46
2015-03-31 05:00:00.000 +0200,Mostly Cloudy,rain,15.42778,15.42778,0.96,3.0912,307,15.8263,0,1009.36
2015-03-31 06:00:00.000 +0200,Mostly Cloudy,rain,15.02222,15.02222,0.99,5.7799,296,9.982,0,1009.51
2015-03-31 07:00:00.000 +0200,Mostly Cloudy,rain,15.98333,15.98333,1,3.1234,333,7.2128,0,1009.75
2015-03-31 08:00:00.000 +0200,Mostly Cloudy,rain,17.09444,17.09444,1,4.8461,333,10.2557,0,1010.04
2015-03-31 09:00:00.000 +0200,Mostly Cloudy,rain,18.70556,18.70556,0.9,2.737,356,9.982,0,1010.11
2015-03-31 10:00:00.000 +0200,Mostly Cloudy,rain,19.00556,19.00556,0.89,4.6207,344,9.982,0,1010.43
2015-03-31 11:00:00.000 +0200,Mostly Cloudy,rain,21.13333,21.13333,0.78,4.83,353,9.982,0,1010.35
2015-03-31 12:00:00.000 +0200,Mostly Cloudy,rain,21.04444,21.04444,0.79,10.0947,276,10.3523,0,1010.83
2015-03-31 13:00:00.000 +0200,Mostly Cloudy,rain,22.77778,22.77778,0.7,8.8872,314,9.982,0,1010.83
2015-03-31 14:00:00.000 +0200,Mostly Cloudy,rain,22.29444,22.29444,0.72,3.4776,329,9.982,0,1010.44
2015-03-31 15:00:00.000 +0200,Mostly Cloudy,rain,20.53333,20.53333,0.79,7.1162,226,9.982,0,1010.45
2015-03-31 16:00:00.000 +0200,Mostly Cloudy,rain,22.47222,22.47222,0.71,13.363,261,9.982,0,1010.12
2015-03-31 17:00:00.000 +0200,Mostly Cloudy,rain,24.67222,24.67222,0.63,11.4954,281,9.982,0,1009.8
2015-03-31 18:00:00.000 +0200,Mostly Cloudy,rain,20.08333,20.08333,0.82,14.007,274,4.3309,0,1010.02
2015-03-31 19:00:00.000 +0200,Mostly Cloudy,rain,17.82778,17.82778,0.96,10.4167,19,9.0643,0,1010.8
2015-03-31 20:00:00.000 +0200,Mostly Cloudy,rain,17.89444,17.89444,0.99,0.5152,310,10.2557,0,1010.23
2015-03-31 21:00:00.000 +0200,Mostly Cloudy,rain,17.88333,17.88333,0.96,4.2826,296,10.5777,0,1010.17
2015-03-31 22:00:00.000 +0200,Mostly Cloudy,rain,17.22222,17.22222,0.88,11.0446,271,10.2557,0,1011.01
2015-03-31 23:00:00.000 +0200,Mostly Cloudy,rain,16.21111,16.21111,0.93,11.109,271,16.1,0,1011.81
2015-03-04 00:00:00.000 +0100,Mostly Cloudy,rain,16.17778,16.17778,0.94,6.0536,282,15.1823,0,1012.08
2015-03-04 01:00:00.000 +0100,Mostly Cloudy,rain,16.13889,16.13889,0.93,3.5742,291,15.1823,0,1012.12
2015-03-04 02:00:00.000 +0100,Mostly Cloudy,rain,15.62778,15.62778,0.93,3.1234,293,14.9086,0,1012.14
2015-03-04 03:00:00.000 +0100,Mostly Cloudy,rain,15.22222,15.22222,0.96,2.3184,167,9.8371,0,1012.46
2015-03-04 04:00:00.000 +0100,Mostly Cloudy,rain,15.53889,15.53889,0.96,6.1502,199,7.7763,0,1012.4
2015-03-04 05:00:00.000 +0100,Mostly Cloudy,rain,16.02778,16.02778,1,4.5402,252,7.0357,0,1012.13
2015-03-04 06:00:00.000 +0100,Mostly Cloudy,rain,15.90556,15.90556,0.97,6.3112,273,9.1287,0,1012.21
2015-03-04 07:00:00.000 +0100,Mostly Cloudy,rain,15.98333,15.98333,1,12.6063,331,4.0733,0,1012.53
2015-03-04 08:00:00.000 +0100,Mostly Cloudy,rain,16.11667,16.11667,1,13.8138,341,7.084,0,1013.21
2015-03-04 09:00:00.000 +0100,Mostly Cloudy,rain,16.4,16.4,0.99,1.3363,7,7.6314,0,1013.53
2015-03-04 10:00:00.000 +0100,Mostly Cloudy,rain,17.28889,17.28889,0.99,3.0268,163,9.982,0,1013.63
2015-03-04 11:00:00.000 +0100,Mostly Cloudy,rain,18.95556,18.95556,0.89,0.322,121,9.982,0,1013.73
2015-03-04 12:00:00.000 +0100,Mostly Cloudy,rain,22.06111,22.06111,0.74,3.3971,312,10.3523,0,1014.11
2015-03-04 13:00:00.000 +0100,Mostly Cloudy,rain,22.72778,22.72778,0.73,7.3255,345,9.982,0,1013.83
2015-03-04 14:00:00.000 +0100,Mostly Cloudy,rain,22.8,22.8,0.71,14.0231,1,9.982,0,1013.44
2015-03-04 15:00:00.000 +0100,Mostly Cloudy,rain,22.25,22.25,0.71,10.6099,337,9.6278,0,1012.93
2015-03-04 16:00:00.000 +0100,Mostly Cloudy,rain,22.55556,22.55556,0.72,10.9963,1,9.982,0,1012.85
2015-03-04 17:00:00.000 +0100,Mostly Cloudy,rain,22.57778,22.57778,0.72,13.9748,10,9.982,0,1012.66
2015-03-04 18:00:00.000 +0100,Mostly Cloudy,rain,22.05,22.05,0.72,11.3344,1,10.3523,0,1012.11
2015-03-04 19:00:00.000 +0100,Mostly Cloudy,rain,22.08333,22.08333,0.69,10.9158,7,9.982,0,1012.53
2015-03-04 20:00:00.000 +0100,Mostly Cloudy,rain,21.01667,21.01667,0.79,12.3165,358,9.982,0,1012.64
2015-03-04 21:00:00.000 +0100,Mostly Cloudy,rain,20.08889,20.08889,0.82,4.1538,350,10.3523,0,1012.94
2015-03-04 22:00:00.000 +0100,Mostly Cloudy,rain,19.81111,19.81111,0.84,1.8998,332,9.9015,0,1013.27
2015-03-04 23:00:00.000 +0100,Mostly Cloudy,rain,18.72778,18.72778,0.9,3.5581,303,15.8263,0,1013.95
2015-03-05 00:00:00.000 +0100,Mostly Cloudy,rain,18.21111,18.21111,0.92,10.2718,340,15.5526,0,1014.01
2015-03-05 01:00:00.000 +0100,Mostly Cloudy,rain,17.15,17.15,0.93,11.27,338,16.1,0,1013.97
2015-03-05 02:00:00.000 +0100,Mostly Cloudy,rain,17.15,17.15,0.93,7.2933,214,10.2557,0,1013.97
2015-03-05 03:00:00.000 +0100,Partly Cloudy,rain,16.65,16.65,0.99,5.2164,256,14.8764,0,1014.07
2015-03-05 04:00:00.000 +0100,Mostly Cloudy,rain,16.08889,16.08889,1,6.4561,272,15.7297,0,1013.95
2015-03-05 05:00:00.000 +0100,Mostly Cloudy,rain,16.03889,16.03889,1,3.4132,338,15.7297,0,1013.87
2015-03-05 06:00:00.000 +0100,Mostly Cloudy,rain,16.07778,16.07778,0.97,5.6994,311,9.5473,0,1014.1
2015-03-05 07:00:00.000 +0100,Partly Cloudy,rain,17.15556,17.15556,0.93,12.0589,340,8.1305,0,1014.39
2015-03-05 08:00:00.000 +0100,Partly Cloudy,rain,18.82222,18.82222,0.84,13.6689,10,16.1,0,1014.79
2015-03-05 09:00:00.000 +0100,Partly Cloudy,rain,20.75556,20.75556,0.74,20.0284,18,15.1823,0,1015.21
2015-03-05 10:00:00.000 +0100,Partly Cloudy,rain,21.13889,21.13889,0.72,22.9747,21,16.1,0,1015.49
2015-03-05 11:00:00.000 +0100,Partly Cloudy,rain,22.75556,22.75556,0.62,21.5901,50,15.8263,0,1015.87
2015-03-05 12:00:00.000 +0100,Partly Cloudy,rain,22.88333,22.88333,0.52,21.9443,48,10.3523,0,1016.24
2015-03-05 13:00:00.000 +0100,Partly Cloudy,rain,23.95556,23.95556,0.48,16.8889,12,9.982,0,1016.56
2015-03-05 14:00:00.000 +0100,Partly Cloudy,rain,23.95556,23.95556,0.54,19.3683,11,9.982,0,1016.54
2015-03-05 15:00:00.000 +0100,Partly Cloudy,rain,25.04444,25.04444,0.49,18.6116,21,10.3523,0,1016.14
2015-03-05 16:00:00.000 +0100,Partly Cloudy,rain,25.06667,25.06667,0.5,16.5508,29,9.982,0,1016.1
2015-03-05 17:00:00.000 +0100,Partly Cloudy,rain,24.04444,24.04444,0.5,20.8334,10,9.982,0,1015.52
2015-03-05 18:00:00.000 +0100,Partly Cloudy,rain,24.15556,24.15556,0.48,12.5258,29,15.3111,0,1015.81
2015-03-05 19:00:00.000 +0100,Partly Cloudy,rain,23.95,23.95,0.48,12.075,30,15.8263,0,1015.81
2015-03-05 20:00:00.000 +0100,Partly Cloudy,rain,22.75556,22.75556,0.53,10.7065,41,9.982,0,1015.94
2015-03-05 21:00:00.000 +0100,Mostly Cloudy,rain,21.15556,21.15556,0.5,12.7673,61,10.5777,0,1016.6
2015-03-05 22:00:00.000 +0100,Mostly Cloudy,rain,19.92778,19.92778,0.54,16.0678,51,10.2557,0,1017.42
2015-03-05 23:00:00.000 +0100,Mostly Cloudy,rain,18.81667,18.81667,0.55,14.4578,51,16.1,0,1018.32
2015-03-06 00:00:00.000 +0100,Mostly Cloudy,rain,17.71111,17.71111,0.57,10.3201,32,15.1823,0,1018.82
2015-03-06 01:00:00.000 +0100,Partly Cloudy,rain,16.64444,16.64444,0.58,10.8192,32,16.1,0,1019.22
2015-03-06 02:00:00.000 +0100,Partly Cloudy,rain,16.52778,16.52778,0.53,14.1519,31,16.1,0,1019.24
2015-03-06 03:00:00.000 +0100,Partly Cloudy,rain,15.68889,15.68889,0.56,12.9927,38,15.1823,0,1019.35
2015-03-06 04:00:00.000 +0100,Partly Cloudy,rain,15.30556,15.30556,0.53,13.9748,40,16.1,0,1019.46
2015-03-06 05:00:00.000 +0100,Partly Cloudy,rain,14.21111,14.21111,0.57,11.1251,40,16.1,0,1019.66
2015-03-06 06:00:00.000 +0100,Partly Cloudy,rain,12.64444,12.64444,0.66,9.9176,29,15.1823,0,1019.92
2015-03-06 07:00:00.000 +0100,Mostly Cloudy,rain,13.77778,13.77778,0.67,10.7065,10,10.2557,0,1020.47
2015-03-06 08:00:00.000 +0100,Mostly Cloudy,rain,14.88889,14.88889,0.62,12.3648,20,10.2557,0,1020.78
2015-03-06 09:00:00.000 +0100,Partly Cloudy,rain,17.01667,17.01667,0.57,15.0696,19,15.5526,0,1021.11
2015-03-06 10:00:00.000 +0100,Partly Cloudy,rain,18.86667,18.86667,0.52,16.9533,21,16.1,0,1021.46
2015-03-06 11:00:00.000 +0100,Partly Cloudy,rain,19.95,19.95,0.49,19.9318,30,16.1,0,1021.66
2015-03-06 12:00:00.000 +0100,Partly Cloudy,rain,20.11667,20.11667,0.43,20.769,3,15.5526,0,1021.91
2015-03-06 13:00:00.000 +0100,Partly Cloudy,rain,21.12778,21.12778,0.41,17.0982,29,16.1,0,1021.94
2015-03-06 14:00:00.000 +0100,Partly Cloudy,rain,21.2,21.2,0.45,22.6527,341,16.1,0,1021.84
2015-03-06 15:00:00.000 +0100,Partly Cloudy,rain,22.31111,22.31111,0.37,15.4077,2,15.5526,0,1021.65
2015-03-06 16:00:00.000 +0100,Partly Cloudy,rain,22.24444,22.24444,0.35,14.1519,0,16.1,0,1021.43
2015-03-06 17:00:00.000 +0100,Partly Cloudy,rain,22.26667,22.26667,0.35,17.0338,351,16.1,0,1021.23
2015-03-06 18:00:00.000 +0100,Partly Cloudy,rain,22.31111,22.31111,0.37,14.9891,352,15.5526,0,1020.88
2015-03-06 19:00:00.000 +0100,Partly Cloudy,rain,21.22778,21.22778,0.4,15.4721,10,16.1,0,1020.61
2015-03-06 20:00:00.000 +0100,Partly Cloudy,rain,21.13333,21.13333,0.41,13.5079,30,16.1,0,1020.62
2015-03-06 21:00:00.000 +0100,Partly Cloudy,rain,18.21667,18.21667,0.5,8.6618,31,15.5526,0,1020.73
2015-03-06 22:00:00.000 +0100,Partly Cloudy,rain,17.12778,17.12778,0.55,9.2897,41,16.1,0,1020.91
2015-03-06 23:00:00.000 +0100,Partly Cloudy,rain,15.32778,15.32778,0.62,3.1717,52,16.1,0,1021.23
2015-03-07 00:00:00.000 +0100,Clear,rain,12.70556,12.70556,0.82,3.2039,6,15.5526,0,1021.56
2015-03-07 01:00:00.000 +0100,Clear,rain,12.13333,12.13333,0.78,0,0,16.1,0,1021.83
2015-03-07 02:00:00.000 +0100,Clear,rain,11.02222,11.02222,0.89,3.0912,310,16.1,0,1022.04
2015-03-07 03:00:00.000 +0100,Clear,rain,10.91111,10.91111,0.92,2.9463,312,15.5526,0,1022.05
2015-03-07 04:00:00.000 +0100,Clear,rain,10.88333,10.88333,0.87,6.44,340,16.1,0,1021.74
2015-03-07 05:00:00.000 +0100,Clear,rain,9.355556,9.355556,0.93,3.1234,353,16.1,0,1021.42
2015-03-07 06:00:00.000 +0100,Partly Cloudy,rain,8.5,8.5,0.95,3.1878,343,15.5526,0,1021.17
2015-03-07 07:00:00.000 +0100,Partly Cloudy,rain,12,12,0.93,3.22,20,16.1,0,1021.05
2015-03-07 08:00:00.000 +0100,Partly Cloudy,rain,15.8,15.8,0.68,8.05,130,16.1,0,1021.03
2015-03-07 09:00:00.000 +0100,Mostly Cloudy,rain,18.48333,18.48333,0.57,3.5259,103,15.5526,0,1020.89
2015-03-07 10:00:00.000 +0100,Mostly Cloudy,rain,19.90556,19.90556,0.49,7.889,160,16.1,0,1020.73
2015-03-07 11:00:00.000 +0100,Mostly Cloudy,rain,21.08333,21.08333,0.48,2.6404,300,16.1,0,1020.41
2015-03-07 12:00:00.000 +0100,Mostly Cloudy,rain,22.11667,22.11667,0.38,1.6261,186,15.5526,0,1020.33
2015-03-07 13:00:00.000 +0100,Mostly Cloudy,rain,22.77778,22.77778,0.41,3.1717,154,16.1,0,1019.98
2015-03-07 14:00:00.000 +0100,Mostly Cloudy,rain,22.77778,22.77778,0.44,7.7119,337,16.1,0,1019.39
2015-03-07 15:00:00.000 +0100,Mostly Cloudy,rain,23.83333,23.83333,0.39,4.3631,248,15.5526,0,1018.81
2015-03-07 16:00:00.000 +0100,Mostly Cloudy,rain,23.95556,23.95556,0.36,3.1878,196,16.1,0,1018.19
2015-03-07 17:00:00.000 +0100,Mostly Cloudy,rain,23.90556,23.90556,0.34,0.5152,142,16.1,0,1017.38
2015-03-07 18:00:00.000 +0100,Mostly Cloudy,rain,24.94444,24.94444,0.35,2.7692,184,15.5526,0,1016.72
2015-03-07 19:00:00.000 +0100,Mostly Cloudy,rain,22.91667,22.91667,0.47,4.0894,128,16.1,0,1016.29
2015-03-07 20:00:00.000 +0100,Partly Cloudy,rain,23.73333,23.73333,0.42,0,0,16.1,0,1015.89
2015-03-07 21:00:00.000 +0100,Partly Cloudy,rain,20.43333,20.43333,0.53,3.7996,155,15.5526,0,1015.73
2015-03-07 22:00:00.000 +0100,Partly Cloudy,rain,17.82778,17.82778,0.65,4.9588,161,16.1,0,1015.7
2015-03-07 23:00:00.000 +0100,Partly Cloudy,rain,16.58333,16.58333,0.72,3.0751,200,16.1,0,1015.9
2015-03-08 00:00:00.000 +0100,Partly Cloudy,rain,15.88333,15.88333,0.76,5.7316,172,15.5526,0,1015.74
2015-03-08 01:00:00.000 +0100,Partly Cloudy,rain,14.77778,14.77778,0.79,6.44,190,16.1,0,1015.62
2015-03-08 02:00:00.000 +0100,Partly Cloudy,rain,13.68889,13.68889,0.84,4.7173,211,16.1,0,1015.61
2015-03-08 03:00:00.000 +0100,Partly Cloudy,rain,14.03333,14.03333,0.81,5.5545,182,15.1823,0,1015.27
2015-03-08 04:00:00.000 +0100,Partly Cloudy,rain,11.58333,11.58333,0.9,8.05,180,16.1,0,1015
2015-03-08 05:00:00.000 +0100,Partly Cloudy,rain,11.58333,11.58333,0.9,0,0,16.1,0,1014.71
2015-03-08 06:00:00.000 +0100,Foggy,rain,11.01111,11.01111,0.95,1.7066,61,2.7692,0,1014.65
2015-03-08 07:00:00.000 +0100,Partly Cloudy,rain,13.64444,13.64444,0.9,4.6046,140,15.1823,0,1014.6
2015-03-08 08:00:00.000 +0100,Mostly Cloudy,rain,16.98333,16.98333,0.73,9.4185,152,16.1,0,1014.41
2015-03-08 09:00:00.000 +0100,Mostly Cloudy,rain,19.68889,19.68889,0.63,7.5026,150,15.5526,0,1014.43
2015-03-08 10:00:00.000 +0100,Partly Cloudy,rain,21.18333,21.18333,0.56,7.6314,162,16.1,0,1014.09
2015-03-08 11:00:00.000 +0100,Partly Cloudy,rain,22.8,22.8,0.44,7.5992,134,16.1,0,1013.7
2015-03-08 12:00:00.000 +0100,Partly Cloudy,rain,23.82778,23.82778,0.44,5.1198,145,15.5526,0,1013.61
2015-03-08 13:00:00.000 +0100,Mostly Cloudy,rain,23.91111,23.91111,0.44,10.4167,113,16.1,0,1013.39
2015-03-08 14:00:00.000 +0100,Partly Cloudy,rain,24.97778,24.97778,0.39,4.4597,135,16.1,0,1012.99
2015-03-08 15:00:00.000 +0100,Mostly Cloudy,rain,25.07778,25.07778,0.35,9.499,174,15.5526,0,1012.42
2015-03-08 16:00:00.000 +0100,Partly Cloudy,rain,26.11111,26.11111,0.31,3.3327,163,16.1,0,1011.71
2015-03-08 17:00:00.000 +0100,Mostly Cloudy,rain,26.01667,26.01667,0.34,0.4025,238,16.1,0,1011.2
2015-03-08 18:00:00.000 +0100,Partly Cloudy,rain,25.93889,25.93889,0.33,4.5885,134,15.5526,0,1010.7
2015-03-08 19:00:00.000 +0100,Mostly Cloudy,rain,25.02222,25.02222,0.41,4.7817,179,16.1,0,1010.41
2015-03-08 20:00:00.000 +0100,Mostly Cloudy,rain,23.86111,23.86111,0.45,3.4454,180,16.1,0,1010.8
2015-03-08 21:00:00.000 +0100,Mostly Cloudy,rain,21.42778,21.42778,0.53,3.9123,48,15.5526,0,1011.11
2015-03-08 22:00:00.000 +0100,Mostly Cloudy,rain,18.83889,18.83889,0.73,0,0,16.1,0,1011.42
2015-03-08 23:00:00.000 +0100,Mostly Cloudy,rain,17.2,17.2,0.81,0,0,16.1,0,1011.72